PRT1
647
1808
4 0 36 (1056 1504 1728 ) (1056 1504 1600 ) (1888 1504 1600 ) (1888 1504 1728 ) 
4 0 16 (1056 1504 1600 ) (1056 1504 1728 ) (1056 2432 1728 ) (1056 2432 1600 ) 
4 0 2 (1056 2176 1600 ) (1056 2304 1600 ) (1664 2304 1600 ) (1664 2176 1600 ) 
4 0 1 (1792 1504 1600 ) (1664 1504 1600 ) (1664 2304 1600 ) (1792 2304 1600 ) 
4 1 37 (1664 1504 1152 ) (1792 1504 1152 ) (1792 1504 1600 ) (1664 1504 1600 ) 
4 1 7 (1792 1504 1152 ) (1664 1504 1152 ) (1664 2304 1152 ) (1792 2304 1152 ) 
4 1 2 (1664 2304 1152 ) (1664 2176 1152 ) (1664 2176 1600 ) (1664 2304 1600 ) 
4 2 17 (1056 2176 1600 ) (1056 2304 1600 ) (1056 2304 1152 ) (1056 2176 1152 ) 
4 2 8 (1056 2176 1152 ) (1056 2304 1152 ) (1664 2304 1152 ) (1664 2176 1152 ) 
4 3 18 (1056 1888 1600 ) (1056 2176 1600 ) (1056 2176 1152 ) (1056 1888 1152 ) 
4 3 9 (1056 1888 1152 ) (1056 2176 1152 ) (1664 2176 1152 ) (1664 1888 1152 ) 
4 3 5 (1280 1888 1184 ) (1280 1888 1600 ) (1056 1888 1600 ) (1056 1888 1184 ) 
4 3 4 (1280 1888 1152 ) (1664 1888 1152 ) (1664 1888 1600 ) (1280 1888 1600 ) 
4 4 38 (1280 1504 1152 ) (1664 1504 1152 ) (1664 1504 1600 ) (1280 1504 1600 ) 
4 4 10 (1664 1504 1152 ) (1280 1504 1152 ) (1280 1824 1152 ) (1664 1824 1152 ) 
4 4 9 (1280 1824 1152 ) (1280 1888 1152 ) (1664 1888 1152 ) (1664 1824 1152 ) 
4 4 5 (1280 1888 1600 ) (1280 1888 1184 ) (1280 1504 1184 ) (1280 1504 1600 ) 
4 5 39 (1056 1504 1600 ) (1056 1504 1184 ) (1280 1504 1184 ) (1280 1504 1600 ) 
4 5 19 (1056 1504 1184 ) (1056 1504 1600 ) (1056 1888 1600 ) (1056 1888 1184 ) 
4 6 40 (1056 1504 1184 ) (1056 1504 1152 ) (1280 1504 1152 ) (1280 1504 1184 ) 
4 6 20 (1056 1504 1152 ) (1056 1504 1184 ) (1056 1888 1184 ) (1056 1888 1152 ) 
4 7 125 (1792 1504 480 ) (1664 1504 480 ) (1664 2304 480 ) (1792 2304 480 ) 
4 7 41 (1664 1504 480 ) (1792 1504 480 ) (1792 1504 1152 ) (1664 1504 1152 ) 
4 7 8 (1664 2304 480 ) (1664 2176 480 ) (1664 2176 1152 ) (1664 2304 1152 ) 
4 8 143 (1056 2176 480 ) (1056 2304 480 ) (1088 2304 480 ) (1088 2176 480 ) 
4 8 126 (1088 2304 480 ) (1664 2304 480 ) (1664 2176 480 ) (1088 2176 480 ) 
4 8 21 (1056 2304 480 ) (1056 2176 480 ) (1056 2176 1152 ) (1056 2304 1152 ) 
4 9 144 (1056 1824 480 ) (1056 2176 480 ) (1088 2176 480 ) (1088 1824 480 ) 
4 9 127 (1088 2176 480 ) (1664 2176 480 ) (1664 1824 480 ) (1088 1824 480 ) 
4 9 22 (1056 2176 480 ) (1056 1824 480 ) (1056 1824 1152 ) (1056 2176 1152 ) 
4 9 11 (1664 1824 608 ) (1664 1824 832 ) (1472 1824 832 ) (1472 1824 608 ) 
4 9 12 (1664 1824 480 ) (1664 1824 608 ) (1376 1824 608 ) (1376 1824 480 ) 
4 9 10 (1664 1824 832 ) (1664 1824 1152 ) (1056 1824 1152 ) (1056 1824 832 ) 
4 10 50 (1056 1504 928 ) (1056 1504 832 ) (1472 1504 832 ) (1472 1504 928 ) 
4 10 44 (1280 1504 1152 ) (1056 1504 1152 ) (1056 1504 928 ) (1280 1504 928 ) 
4 10 43 (1472 1504 1152 ) (1280 1504 1152 ) (1280 1504 928 ) (1472 1504 928 ) 
4 10 42 (1664 1504 832 ) (1664 1504 1152 ) (1472 1504 1152 ) (1472 1504 832 ) 
4 10 29 (1056 1504 832 ) (1056 1504 928 ) (1056 1792 928 ) (1056 1792 832 ) 
4 10 27 (1056 1824 928 ) (1056 1824 832 ) (1056 1792 832 ) (1056 1792 928 ) 
4 10 11 (1664 1504 832 ) (1472 1504 832 ) (1472 1824 832 ) (1664 1824 832 ) 
4 11 42 (1664 1504 608 ) (1664 1504 832 ) (1472 1504 832 ) (1472 1504 608 ) 
4 11 12 (1664 1504 608 ) (1472 1504 608 ) (1472 1824 608 ) (1664 1824 608 ) 
4 12 128 (1664 1504 480 ) (1376 1504 480 ) (1376 1824 480 ) (1664 1824 480 ) 
4 12 53 (1376 1504 480 ) (1472 1504 480 ) (1472 1504 608 ) (1376 1504 608 ) 
4 12 42 (1472 1504 480 ) (1664 1504 480 ) (1664 1504 608 ) (1472 1504 608 ) 
4 13 31 (1056 1696 480 ) (1056 1664 480 ) (1056 1664 608 ) (1056 1696 608 ) 
4 13 15 (1056 1664 608 ) (1056 1664 480 ) (1231 1664 480 ) (1231 1664 608 ) 
4 14 134 (1248 1504 480 ) (1231 1504 480 ) (1231 1600 480 ) (1248 1600 480 ) 
4 14 15 (1231 1600 480 ) (1231 1504 480 ) (1231 1504 608 ) (1231 1600 608 ) 
4 15 134 (1231 1504 480 ) (1088 1504 480 ) (1088 1600 480 ) (1231 1600 480 ) 
4 15 131 (1088 1600 480 ) (1088 1632 480 ) (1231 1632 480 ) (1231 1600 480 ) 
4 15 54 (1056 1504 480 ) (1231 1504 480 ) (1231 1504 608 ) (1056 1504 608 ) 
4 15 31 (1056 1664 480 ) (1056 1504 480 ) (1056 1504 608 ) (1056 1664 608 ) 
4 16 236 (200 1504 1600 ) (200 1504 1728 ) (200 1888 1728 ) (200 1888 1600 ) 
4 16 233 (200 1888 1728 ) (200 2432 1728 ) (200 2432 1600 ) (200 1888 1600 ) 
4 16 63 (200 1504 1728 ) (200 1504 1600 ) (1056 1504 1600 ) (1056 1504 1728 ) 
4 16 17 (1056 2304 1600 ) (1056 2176 1600 ) (200 2176 1600 ) (200 2304 1600 ) 
4 17 234 (200 2304 1152 ) (200 2176 1152 ) (200 2176 1600 ) (200 2304 1600 ) 
4 17 21 (1056 2304 1152 ) (1056 2176 1152 ) (200 2176 1152 ) (200 2304 1152 ) 
4 18 235 (200 2176 1152 ) (200 1888 1152 ) (200 1888 1600 ) (200 2176 1600 ) 
4 18 22 (1056 2176 1152 ) (1056 1888 1152 ) (200 1888 1152 ) (200 2176 1152 ) 
4 18 19 (1056 1888 1184 ) (1056 1888 1600 ) (200 1888 1600 ) (200 1888 1184 ) 
4 19 237 (200 1504 1184 ) (200 1504 1600 ) (200 1888 1600 ) (200 1888 1184 ) 
4 19 64 (200 1504 1600 ) (200 1504 1184 ) (1056 1504 1184 ) (1056 1504 1600 ) 
4 20 238 (200 1888 1152 ) (200 1504 1152 ) (200 1504 1184 ) (200 1888 1184 ) 
4 20 65 (200 1504 1184 ) (200 1504 1152 ) (1056 1504 1152 ) (1056 1504 1184 ) 
4 20 24 (200 1792 1152 ) (200 1824 1152 ) (1024 1824 1152 ) (1024 1792 1152 ) 
4 20 23 (1056 1824 1152 ) (1056 1504 1152 ) (1024 1504 1152 ) (1024 1824 1152 ) 
4 21 239 (200 2304 480 ) (200 2176 480 ) (200 2176 1152 ) (200 2304 1152 ) 
4 21 143 (200 2176 480 ) (200 2304 480 ) (1056 2304 480 ) (1056 2176 480 ) 
4 22 240 (200 2176 480 ) (200 1824 480 ) (200 1824 1152 ) (200 2176 1152 ) 
4 22 144 (200 1824 480 ) (200 2176 480 ) (1056 2176 480 ) (1056 1824 480 ) 
4 22 34 (200 1824 480 ) (768 1824 480 ) (768 1824 640 ) (200 1824 640 ) 
4 22 33 (896 1824 640 ) (896 1824 832 ) (200 1824 832 ) (200 1824 640 ) 
4 22 30 (960 1824 832 ) (896 1824 832 ) (896 1824 640 ) (960 1824 640 ) 
4 22 27 (1056 1824 832 ) (1056 1824 928 ) (200 1824 928 ) (200 1824 832 ) 
4 23 66 (1024 1504 960 ) (1056 1504 960 ) (1056 1504 1152 ) (1024 1504 1152 ) 
4 23 28 (1056 1792 960 ) (1056 1504 960 ) (1024 1504 960 ) (1024 1792 960 ) 
4 23 26 (1056 1824 960 ) (1056 1792 960 ) (1024 1792 960 ) (1024 1824 960 ) 
4 23 24 (1024 1824 1152 ) (1024 1824 960 ) (1024 1792 960 ) (1024 1792 1152 ) 
4 24 241 (200 1792 1152 ) (200 1824 1152 ) (200 1824 960 ) (200 1792 960 ) 
4 24 26 (200 1792 960 ) (200 1824 960 ) (1024 1824 960 ) (1024 1792 960 ) 
4 25 245 (200 1504 960 ) (200 1504 1152 ) (200 1632 1152 ) (200 1632 960 ) 
4 25 242 (200 1632 1152 ) (200 1792 1152 ) (200 1792 960 ) (200 1632 960 ) 
4 25 71 (200 1504 1152 ) (200 1504 960 ) (960 1504 960 ) (960 1504 1152 ) 
4 25 67 (960 1504 960 ) (1024 1504 960 ) (1024 1504 1152 ) (960 1504 1152 ) 
4 26 243 (200 1792 960 ) (200 1824 960 ) (200 1824 928 ) (200 1792 928 ) 
4 26 28 (1056 1792 928 ) (1056 1792 960 ) (1024 1792 960 ) (1024 1792 928 ) 
4 27 246 (200 1824 928 ) (200 1824 832 ) (200 1792 832 ) (200 1792 928 ) 
4 27 33 (200 1824 832 ) (896 1824 832 ) (896 1792 832 ) (200 1792 832 ) 
4 27 30 (896 1824 832 ) (960 1824 832 ) (960 1792 832 ) (896 1792 832 ) 
4 27 29 (1024 1792 832 ) (1056 1792 832 ) (1056 1792 928 ) (1024 1792 928 ) 
4 28 68 (1056 1504 928 ) (1056 1504 960 ) (1024 1504 960 ) (1024 1504 928 ) 
4 29 69 (1024 1504 832 ) (1056 1504 832 ) (1056 1504 928 ) (1024 1504 928 ) 
4 30 72 (960 1504 832 ) (896 1504 832 ) (896 1504 672 ) (960 1504 672 ) 
4 30 75 (896 1504 672 ) (896 1504 640 ) (960 1504 640 ) (960 1504 672 ) 
4 30 35 (896 1504 640 ) (896 1504 832 ) (896 1568 832 ) (896 1568 640 ) 
4 30 33 (896 1792 832 ) (896 1824 832 ) (896 1824 640 ) (896 1792 640 ) 
4 30 32 (960 1696 640 ) (960 1504 640 ) (896 1504 640 ) (896 1696 640 ) 
4 31 70 (960 1504 480 ) (1056 1504 480 ) (1056 1504 608 ) (960 1504 608 ) 
4 31 32 (960 1696 480 ) (960 1504 480 ) (960 1504 608 ) (960 1696 608 ) 
4 32 75 (896 1504 480 ) (960 1504 480 ) (960 1504 640 ) (896 1504 640 ) 
4 32 35 (896 1568 480 ) (896 1504 480 ) (896 1504 640 ) (896 1568 640 ) 
4 33 246 (200 1792 832 ) (200 1824 832 ) (200 1824 640 ) (200 1792 640 ) 
4 33 34 (200 1792 640 ) (200 1824 640 ) (768 1824 640 ) (768 1792 640 ) 
4 34 246 (200 1824 480 ) (200 1792 480 ) (200 1792 640 ) (200 1824 640 ) 
4 34 147 (200 1792 480 ) (200 1824 480 ) (640 1824 480 ) (640 1792 480 ) 
4 35 74 (704 1504 704 ) (704 1504 672 ) (768 1504 672 ) (768 1504 704 ) 
4 35 73 (768 1504 832 ) (704 1504 832 ) (704 1504 704 ) (768 1504 704 ) 
4 35 72 (896 1504 672 ) (896 1504 832 ) (768 1504 832 ) (768 1504 672 ) 
4 35 75 (704 1504 480 ) (896 1504 480 ) (896 1504 672 ) (704 1504 672 ) 
4 36 376 (1056 512 1728 ) (1056 512 1600 ) (1280 512 1600 ) (1280 512 1728 ) 
4 36 369 (1280 512 1600 ) (1888 512 1600 ) (1888 512 1728 ) (1280 512 1728 ) 
4 36 63 (1056 1504 1728 ) (1056 1504 1600 ) (1056 512 1600 ) (1056 512 1728 ) 
4 36 37 (1792 512 1600 ) (1664 512 1600 ) (1664 1504 1600 ) (1792 1504 1600 ) 
4 37 370 (1664 512 1152 ) (1792 512 1152 ) (1792 512 1600 ) (1664 512 1600 ) 
4 37 41 (1792 512 1152 ) (1664 512 1152 ) (1664 1504 1152 ) (1792 1504 1152 ) 
4 38 371 (1280 512 1152 ) (1664 512 1152 ) (1664 512 1600 ) (1280 512 1600 ) 
4 38 60 (1472 512 1152 ) (1280 512 1152 ) (1280 800 1152 ) (1472 800 1152 ) 
4 38 46 (1280 800 1152 ) (1280 1376 1152 ) (1472 1376 1152 ) (1472 800 1152 ) 
4 38 43 (1280 1376 1152 ) (1280 1504 1152 ) (1472 1504 1152 ) (1472 1376 1152 ) 
4 38 42 (1664 512 1152 ) (1472 512 1152 ) (1472 1504 1152 ) (1664 1504 1152 ) 
4 38 39 (1280 512 1184 ) (1280 512 1600 ) (1280 1504 1600 ) (1280 1504 1184 ) 
4 39 377 (1056 512 1600 ) (1056 512 1184 ) (1280 512 1184 ) (1280 512 1600 ) 
4 39 64 (1056 1504 1600 ) (1056 1504 1184 ) (1056 512 1184 ) (1056 512 1600 ) 
4 40 378 (1056 512 1184 ) (1056 512 1152 ) (1280 512 1152 ) (1280 512 1184 ) 
4 40 65 (1056 1504 1184 ) (1056 1504 1152 ) (1056 512 1152 ) (1056 512 1184 ) 
4 40 47 (1248 1376 1152 ) (1280 1376 1152 ) (1280 832 1152 ) (1248 832 1152 ) 
4 40 49 (1056 800 1152 ) (1056 832 1152 ) (1280 832 1152 ) (1280 800 1152 ) 
4 40 45 (1056 1376 1152 ) (1056 1408 1152 ) (1280 1408 1152 ) (1280 1376 1152 ) 
4 41 372 (1664 512 768 ) (1664 512 480 ) (1792 512 480 ) (1792 512 768 ) 
4 41 370 (1792 512 1152 ) (1664 512 1152 ) (1664 512 768 ) (1792 512 768 ) 
4 41 160 (1792 512 480 ) (1664 512 480 ) (1664 1504 480 ) (1792 1504 480 ) 
4 42 373 (1472 512 768 ) (1472 512 480 ) (1664 512 480 ) (1664 512 768 ) 
4 42 371 (1664 512 1152 ) (1472 512 1152 ) (1472 512 768 ) (1664 512 768 ) 
4 42 161 (1664 512 480 ) (1472 512 480 ) (1472 1504 480 ) (1664 1504 480 ) 
4 42 62 (1472 672 480 ) (1472 512 480 ) (1472 512 640 ) (1472 672 640 ) 
4 42 61 (1472 800 768 ) (1472 800 480 ) (1472 672 480 ) (1472 672 768 ) 
4 42 60 (1472 512 1152 ) (1472 800 1152 ) (1472 800 768 ) (1472 512 768 ) 
4 42 57 (1472 832 480 ) (1472 800 480 ) (1472 800 928 ) (1472 832 928 ) 
4 42 56 (1472 1248 480 ) (1472 832 480 ) (1472 832 608 ) (1472 1248 608 ) 
4 42 53 (1472 1504 608 ) (1472 1504 480 ) (1472 1248 480 ) (1472 1248 608 ) 
4 42 51 (1472 1280 832 ) (1472 1280 928 ) (1472 1376 928 ) (1472 1376 832 ) 
4 42 52 (1472 1280 608 ) (1472 832 608 ) (1472 832 928 ) (1472 1280 928 ) 
4 42 50 (1472 1504 928 ) (1472 1504 832 ) (1472 1376 832 ) (1472 1376 928 ) 
4 42 46 (1472 800 1152 ) (1472 1376 1152 ) (1472 1376 928 ) (1472 800 928 ) 
4 42 43 (1472 1376 1152 ) (1472 1504 1152 ) (1472 1504 928 ) (1472 1376 928 ) 
4 43 50 (1280 1504 928 ) (1472 1504 928 ) (1472 1376 928 ) (1280 1376 928 ) 
4 43 46 (1280 1376 928 ) (1472 1376 928 ) (1472 1376 1152 ) (1280 1376 1152 ) 
4 43 44 (1280 1504 928 ) (1280 1408 928 ) (1280 1408 1152 ) (1280 1504 1152 ) 
4 44 50 (1056 1408 928 ) (1056 1504 928 ) (1280 1504 928 ) (1280 1408 928 ) 
4 45 68 (1056 1408 928 ) (1056 1376 928 ) (1056 1376 960 ) (1056 1408 960 ) 
4 45 66 (1056 1376 960 ) (1056 1376 1152 ) (1056 1408 1152 ) (1056 1408 960 ) 
4 45 47 (1248 1376 928 ) (1280 1376 928 ) (1280 1376 1152 ) (1248 1376 1152 ) 
4 46 60 (1280 800 928 ) (1472 800 928 ) (1472 800 1152 ) (1280 800 1152 ) 
4 46 57 (1472 832 928 ) (1472 800 928 ) (1280 800 928 ) (1280 832 928 ) 
4 46 51 (1280 1376 928 ) (1472 1376 928 ) (1472 1280 928 ) (1280 1280 928 ) 
4 46 52 (1472 1280 928 ) (1472 832 928 ) (1280 832 928 ) (1280 1280 928 ) 
4 47 49 (1248 832 928 ) (1280 832 928 ) (1280 832 1152 ) (1248 832 1152 ) 
4 48 76 (1056 832 960 ) (1056 832 1152 ) (1056 1376 1152 ) (1056 1376 960 ) 
4 49 78 (1056 832 928 ) (1056 800 928 ) (1056 800 1152 ) (1056 832 1152 ) 
4 49 58 (1056 800 928 ) (1056 832 928 ) (1248 832 928 ) (1248 800 928 ) 
4 50 69 (1056 1504 928 ) (1056 1504 832 ) (1056 1376 832 ) (1056 1376 928 ) 
4 50 51 (1472 1376 832 ) (1472 1376 928 ) (1248 1376 928 ) (1248 1376 832 ) 
4 51 52 (1472 1280 832 ) (1472 1280 928 ) (1248 1280 928 ) (1248 1280 832 ) 
4 52 57 (1472 832 608 ) (1472 832 928 ) (1248 832 928 ) (1248 832 608 ) 
4 52 56 (1472 1248 608 ) (1472 832 608 ) (1248 832 608 ) (1248 1248 608 ) 
4 52 53 (1472 1280 608 ) (1472 1248 608 ) (1376 1248 608 ) (1376 1280 608 ) 
4 53 167 (1408 1280 480 ) (1408 1248 480 ) (1376 1248 480 ) (1376 1280 480 ) 
4 53 162 (1376 1504 480 ) (1408 1504 480 ) (1408 1280 480 ) (1376 1280 480 ) 
4 53 161 (1408 1504 480 ) (1472 1504 480 ) (1472 1248 480 ) (1408 1248 480 ) 
4 53 56 (1376 1248 480 ) (1472 1248 480 ) (1472 1248 608 ) (1376 1248 608 ) 
4 54 163 (1088 1504 480 ) (1231 1504 480 ) (1231 1440 480 ) (1088 1440 480 ) 
4 54 70 (1056 1504 608 ) (1056 1504 480 ) (1056 1440 480 ) (1056 1440 608 ) 
4 54 55 (1056 1440 480 ) (1231 1440 480 ) (1231 1440 608 ) (1056 1440 608 ) 
4 55 195 (1056 1280 480 ) (1056 1312 480 ) (1088 1312 480 ) (1088 1280 480 ) 
4 55 165 (1088 1440 480 ) (1248 1440 480 ) (1248 1280 480 ) (1088 1280 480 ) 
4 55 77 (1056 1376 480 ) (1056 1280 480 ) (1056 1280 608 ) (1056 1376 608 ) 
4 55 70 (1056 1440 480 ) (1056 1376 480 ) (1056 1376 608 ) (1056 1440 608 ) 
4 56 168 (1248 1248 480 ) (1408 1248 480 ) (1408 832 480 ) (1248 832 480 ) 
4 56 161 (1408 1248 480 ) (1472 1248 480 ) (1472 832 480 ) (1408 832 480 ) 
4 56 57 (1248 832 480 ) (1472 832 480 ) (1472 832 608 ) (1248 832 608 ) 
4 57 169 (1248 832 480 ) (1408 832 480 ) (1408 800 480 ) (1248 800 480 ) 
4 57 161 (1408 832 480 ) (1472 832 480 ) (1472 800 480 ) (1408 800 480 ) 
4 57 61 (1248 800 480 ) (1472 800 480 ) (1472 800 768 ) (1248 800 768 ) 
4 57 60 (1472 800 768 ) (1472 800 928 ) (1248 800 928 ) (1248 800 768 ) 
4 57 59 (1248 832 896 ) (1248 832 480 ) (1248 800 480 ) (1248 800 896 ) 
4 58 78 (1056 800 896 ) (1056 800 928 ) (1056 832 928 ) (1056 832 896 ) 
4 59 198 (1056 800 480 ) (1056 832 480 ) (1088 832 480 ) (1088 800 480 ) 
4 59 169 (1088 832 480 ) (1248 832 480 ) (1248 800 480 ) (1088 800 480 ) 
4 59 83 (1056 832 480 ) (1056 800 480 ) (1056 800 768 ) (1056 832 768 ) 
4 59 82 (1056 800 768 ) (1056 800 896 ) (1056 832 896 ) (1056 832 768 ) 
4 59 61 (1056 800 768 ) (1056 800 480 ) (1248 800 480 ) (1248 800 768 ) 
4 59 60 (1056 800 896 ) (1056 800 768 ) (1248 800 768 ) (1248 800 896 ) 
4 60 388 (1056 512 1056 ) (1056 512 768 ) (1280 512 768 ) (1280 512 1056 ) 
4 60 379 (1280 512 1152 ) (1056 512 1152 ) (1056 512 1056 ) (1280 512 1056 ) 
4 60 371 (1472 512 1152 ) (1280 512 1152 ) (1280 512 768 ) (1472 512 768 ) 
4 60 79 (1056 512 896 ) (1056 512 1152 ) (1056 800 1152 ) (1056 800 896 ) 
4 60 82 (1056 512 768 ) (1056 512 896 ) (1056 800 896 ) (1056 800 768 ) 
4 60 61 (1056 672 768 ) (1056 800 768 ) (1472 800 768 ) (1472 672 768 ) 
4 61 198 (1056 672 480 ) (1056 800 480 ) (1088 800 480 ) (1088 672 480 ) 
4 61 169 (1088 800 480 ) (1408 800 480 ) (1408 672 480 ) (1088 672 480 ) 
4 61 161 (1408 800 480 ) (1472 800 480 ) (1472 672 480 ) (1408 672 480 ) 
4 61 83 (1056 800 480 ) (1056 672 480 ) (1056 672 768 ) (1056 800 768 ) 
4 61 62 (1056 672 640 ) (1056 672 480 ) (1472 672 480 ) (1472 672 640 ) 
4 62 391 (1056 512 640 ) (1056 512 480 ) (1280 512 480 ) (1280 512 640 ) 
4 62 374 (1280 512 480 ) (1472 512 480 ) (1472 512 640 ) (1280 512 640 ) 
4 62 198 (1088 512 480 ) (1056 512 480 ) (1056 672 480 ) (1088 672 480 ) 
4 62 169 (1408 512 480 ) (1088 512 480 ) (1088 672 480 ) (1408 672 480 ) 
4 62 161 (1472 512 480 ) (1408 512 480 ) (1408 672 480 ) (1472 672 480 ) 
4 62 84 (1056 672 480 ) (1056 512 480 ) (1056 512 640 ) (1056 672 640 ) 
4 63 507 (200 512 1728 ) (200 512 1600 ) (224 512 1600 ) (224 512 1728 ) 
4 63 381 (224 512 1600 ) (768 512 1600 ) (768 512 1728 ) (224 512 1728 ) 
4 63 376 (768 512 1600 ) (1056 512 1600 ) (1056 512 1728 ) (768 512 1728 ) 
4 63 281 (200 512 1600 ) (200 512 1728 ) (200 1376 1728 ) (200 1376 1600 ) 
4 63 236 (200 1376 1728 ) (200 1504 1728 ) (200 1504 1600 ) (200 1376 1600 ) 
4 64 508 (200 512 1600 ) (200 512 1184 ) (224 512 1184 ) (224 512 1600 ) 
4 64 382 (224 512 1184 ) (768 512 1184 ) (768 512 1600 ) (224 512 1600 ) 
4 64 377 (768 512 1184 ) (1056 512 1184 ) (1056 512 1600 ) (768 512 1600 ) 
4 64 282 (200 512 1184 ) (200 512 1600 ) (200 1376 1600 ) (200 1376 1184 ) 
4 64 237 (200 1376 1600 ) (200 1504 1600 ) (200 1504 1184 ) (200 1376 1184 ) 
4 65 509 (200 512 1184 ) (200 512 1152 ) (224 512 1152 ) (224 512 1184 ) 
4 65 386 (224 512 1152 ) (352 512 1152 ) (352 512 1184 ) (224 512 1184 ) 
4 65 383 (352 512 1152 ) (768 512 1152 ) (768 512 1184 ) (352 512 1184 ) 
4 65 378 (800 512 1152 ) (1056 512 1152 ) (1056 512 1184 ) (800 512 1184 ) 
4 65 380 (768 512 1152 ) (800 512 1152 ) (800 512 1184 ) (768 512 1184 ) 
4 65 283 (200 512 1152 ) (200 512 1184 ) (200 1376 1184 ) (200 1376 1152 ) 
4 65 238 (200 1376 1184 ) (200 1504 1184 ) (200 1504 1152 ) (200 1376 1152 ) 
4 65 80 (800 512 1152 ) (768 512 1152 ) (768 800 1152 ) (800 800 1152 ) 
4 65 78 (1056 832 1152 ) (1056 800 1152 ) (768 800 1152 ) (768 832 1152 ) 
4 65 66 (1056 1504 1152 ) (1056 1376 1152 ) (1024 1376 1152 ) (1024 1504 1152 ) 
4 66 68 (1056 1504 960 ) (1056 1376 960 ) (1024 1376 960 ) (1024 1504 960 ) 
4 67 76 (1024 1376 1152 ) (960 1376 1152 ) (960 1376 960 ) (1024 1376 960 ) 
4 67 71 (960 1504 1152 ) (960 1504 960 ) (960 1376 960 ) (960 1376 1152 ) 
4 70 77 (960 1376 480 ) (1056 1376 480 ) (1056 1376 608 ) (960 1376 608 ) 
4 70 75 (960 1504 608 ) (960 1504 480 ) (960 1376 480 ) (960 1376 608 ) 
4 71 245 (200 1376 960 ) (200 1376 1152 ) (200 1504 1152 ) (200 1504 960 ) 
4 71 85 (768 1376 1152 ) (200 1376 1152 ) (200 1376 960 ) (768 1376 960 ) 
4 71 76 (960 1376 960 ) (960 1376 1152 ) (768 1376 1152 ) (768 1376 960 ) 
4 72 74 (768 1408 704 ) (768 1504 704 ) (768 1504 672 ) (768 1408 672 ) 
4 72 73 (768 1376 704 ) (768 1376 832 ) (768 1504 832 ) (768 1504 704 ) 
4 72 75 (960 1504 672 ) (960 1376 672 ) (768 1376 672 ) (768 1504 672 ) 
4 73 74 (704 1408 704 ) (704 1504 704 ) (768 1504 704 ) (768 1408 704 ) 
4 74 75 (704 1408 672 ) (704 1504 672 ) (768 1504 672 ) (768 1408 672 ) 
4 75 94 (704 1376 480 ) (768 1376 480 ) (768 1376 640 ) (704 1376 640 ) 
4 76 111 (768 960 960 ) (768 832 960 ) (768 832 1152 ) (768 960 1152 ) 
4 76 85 (768 1376 1152 ) (768 1376 960 ) (768 960 960 ) (768 960 1152 ) 
4 77 195 (1056 1312 480 ) (1056 1280 480 ) (960 1280 480 ) (960 1312 480 ) 
4 78 80 (768 800 1152 ) (768 800 928 ) (800 800 928 ) (800 800 1152 ) 
4 79 388 (1056 512 896 ) (1056 512 1056 ) (800 512 1056 ) (800 512 896 ) 
4 79 379 (1056 512 1056 ) (1056 512 1152 ) (800 512 1152 ) (800 512 1056 ) 
4 79 81 (800 800 896 ) (800 512 896 ) (800 512 928 ) (800 800 928 ) 
4 79 82 (1056 800 896 ) (1056 512 896 ) (800 512 896 ) (800 800 896 ) 
4 80 389 (768 512 1056 ) (768 512 928 ) (800 512 928 ) (800 512 1056 ) 
4 80 380 (800 512 1152 ) (768 512 1152 ) (768 512 1056 ) (800 512 1056 ) 
4 81 390 (768 512 928 ) (768 512 896 ) (800 512 896 ) (800 512 928 ) 
4 81 82 (800 512 896 ) (768 512 896 ) (768 800 896 ) (800 800 896 ) 
4 82 390 (800 512 896 ) (768 512 896 ) (768 512 768 ) (800 512 768 ) 
4 82 388 (1056 512 768 ) (1056 512 896 ) (800 512 896 ) (800 512 768 ) 
4 82 83 (768 672 768 ) (768 832 768 ) (1056 832 768 ) (1056 672 768 ) 
4 83 198 (768 672 480 ) (768 832 480 ) (1056 832 480 ) (1056 672 480 ) 
4 83 84 (768 672 480 ) (1056 672 480 ) (1056 672 640 ) (768 672 640 ) 
4 84 391 (768 512 480 ) (1056 512 480 ) (1056 512 640 ) (768 512 640 ) 
4 84 198 (1056 512 480 ) (768 512 480 ) (768 672 480 ) (1056 672 480 ) 
4 85 284 (200 1088 1152 ) (200 1376 1152 ) (200 1376 960 ) (200 1088 960 ) 
4 85 290 (200 960 960 ) (200 960 1152 ) (200 1088 1152 ) (200 1088 960 ) 
4 85 114 (576 960 1152 ) (200 960 1152 ) (200 960 960 ) (576 960 960 ) 
4 85 111 (768 960 960 ) (768 960 1152 ) (576 960 1152 ) (576 960 960 ) 
4 85 97 (200 1088 960 ) (200 1376 960 ) (576 1376 960 ) (576 1088 960 ) 
4 85 110 (200 960 960 ) (200 1088 960 ) (576 1088 960 ) (576 960 960 ) 
4 85 86 (704 1376 960 ) (768 1376 960 ) (768 1248 960 ) (704 1248 960 ) 
4 85 91 (768 1248 960 ) (768 960 960 ) (576 960 960 ) (576 1248 960 ) 
4 86 89 (768 1312 832 ) (768 1248 832 ) (704 1248 832 ) (704 1312 832 ) 
4 86 91 (704 1248 832 ) (768 1248 832 ) (768 1248 960 ) (704 1248 960 ) 
4 87 98 (576 1344 896 ) (576 1248 896 ) (576 1248 928 ) (576 1344 928 ) 
4 87 91 (576 1248 928 ) (576 1248 896 ) (672 1248 896 ) (672 1248 928 ) 
4 88 98 (576 1344 832 ) (576 1248 832 ) (576 1248 864 ) (576 1344 864 ) 
4 88 89 (672 1312 832 ) (672 1248 832 ) (640 1248 832 ) (640 1312 832 ) 
4 88 90 (576 1248 832 ) (576 1344 832 ) (640 1344 832 ) (640 1248 832 ) 
4 88 91 (576 1248 864 ) (576 1248 832 ) (672 1248 832 ) (672 1248 864 ) 
4 89 90 (640 1248 704 ) (640 1248 832 ) (640 1312 832 ) (640 1312 704 ) 
4 89 91 (640 1248 704 ) (768 1248 704 ) (768 1248 832 ) (640 1248 832 ) 
4 90 98 (576 1376 832 ) (576 1376 704 ) (576 1248 704 ) (576 1248 832 ) 
4 90 92 (576 1376 704 ) (608 1376 704 ) (608 1248 704 ) (576 1248 704 ) 
4 90 91 (576 1248 832 ) (576 1248 704 ) (640 1248 704 ) (640 1248 832 ) 
4 91 98 (576 1248 704 ) (576 1088 704 ) (576 1088 954 ) (576 1248 954 ) 
4 91 97 (576 1088 954 ) (576 1088 960 ) (576 1248 960 ) (576 1248 954 ) 
4 91 110 (576 1088 704 ) (576 960 704 ) (576 960 960 ) (576 1088 960 ) 
4 91 92 (608 1216 704 ) (576 1216 704 ) (576 1248 704 ) (608 1248 704 ) 
4 91 96 (768 1216 704 ) (768 960 704 ) (576 960 704 ) (576 1216 704 ) 
4 92 98 (576 1376 704 ) (576 1376 672 ) (576 1216 672 ) (576 1216 704 ) 
4 92 95 (576 1216 672 ) (576 1376 672 ) (608 1376 672 ) (608 1216 672 ) 
4 92 96 (608 1216 704 ) (576 1216 704 ) (576 1216 672 ) (608 1216 672 ) 
4 93 94 (768 1312 640 ) (768 1216 640 ) (640 1216 640 ) (640 1312 640 ) 
4 93 96 (768 1216 640 ) (768 1216 672 ) (640 1216 672 ) (640 1216 640 ) 
4 94 207 (768 1312 480 ) (768 1248 480 ) (640 1248 480 ) (640 1312 480 ) 
4 94 96 (768 1216 480 ) (768 1216 640 ) (640 1216 640 ) (640 1216 480 ) 
4 95 208 (576 1376 480 ) (608 1376 480 ) (608 1248 480 ) (576 1248 480 ) 
4 95 98 (576 1376 672 ) (576 1376 480 ) (576 1216 480 ) (576 1216 672 ) 
4 95 96 (608 1216 672 ) (576 1216 672 ) (576 1216 480 ) (608 1216 480 ) 
4 96 209 (768 1120 480 ) (768 960 480 ) (576 960 480 ) (576 1120 480 ) 
4 96 98 (576 1216 480 ) (576 1088 480 ) (576 1088 704 ) (576 1216 704 ) 
4 96 110 (576 1088 480 ) (576 960 480 ) (576 960 704 ) (576 1088 704 ) 
4 97 284 (200 1088 954 ) (200 1088 960 ) (200 1376 960 ) (200 1376 954 ) 
4 97 102 (200 1088 954 ) (200 1248 954 ) (352 1248 954 ) (352 1088 954 ) 
4 97 100 (200 1368 954 ) (200 1376 954 ) (312 1376 954 ) (312 1368 954 ) 
4 97 101 (200 1248 954 ) (200 1332 954 ) (312 1332 954 ) (312 1248 954 ) 
4 97 99 (312 1376 954 ) (352 1376 954 ) (352 1248 954 ) (312 1248 954 ) 
4 97 98 (352 1376 954 ) (576 1376 954 ) (576 1088 954 ) (352 1088 954 ) 
4 97 110 (576 1088 954 ) (576 1088 960 ) (200 1088 960 ) (200 1088 954 ) 
4 98 208 (352 1376 480 ) (576 1376 480 ) (576 1248 480 ) (352 1248 480 ) 
4 98 209 (576 1120 480 ) (576 1088 480 ) (352 1088 480 ) (352 1120 480 ) 
4 98 106 (352 1120 512 ) (352 1120 576 ) (352 1152 576 ) (352 1152 512 ) 
4 98 105 (352 1248 480 ) (352 1152 480 ) (352 1152 576 ) (352 1248 576 ) 
4 98 109 (352 1120 480 ) (352 1088 480 ) (352 1088 576 ) (352 1120 576 ) 
4 98 104 (352 1088 576 ) (352 1088 640 ) (352 1216 640 ) (352 1216 576 ) 
4 98 103 (352 1216 640 ) (352 1248 640 ) (352 1248 576 ) (352 1216 576 ) 
4 98 102 (352 1088 640 ) (352 1088 954 ) (352 1248 954 ) (352 1248 640 ) 
4 98 99 (352 1376 954 ) (352 1376 480 ) (352 1248 480 ) (352 1248 954 ) 
4 98 110 (576 1088 480 ) (576 1088 954 ) (352 1088 954 ) (352 1088 480 ) 
4 99 208 (320 1376 480 ) (352 1376 480 ) (352 1248 480 ) (320 1248 480 ) 
4 99 105 (312 1248 480 ) (352 1248 480 ) (352 1248 576 ) (312 1248 576 ) 
4 99 103 (352 1248 576 ) (352 1248 640 ) (312 1248 640 ) (312 1248 576 ) 
4 99 102 (352 1248 640 ) (352 1248 954 ) (312 1248 954 ) (312 1248 640 ) 
4 99 100 (312 1376 954 ) (312 1376 480 ) (312 1368 480 ) (312 1368 954 ) 
4 99 101 (312 1332 480 ) (312 1248 480 ) (312 1248 954 ) (312 1332 954 ) 
4 100 285 (200 1376 480 ) (200 1368 480 ) (200 1368 640 ) (200 1376 640 ) 
4 100 284 (200 1368 640 ) (200 1368 954 ) (200 1376 954 ) (200 1376 640 ) 
4 101 285 (200 1332 480 ) (200 1248 480 ) (200 1248 640 ) (200 1332 640 ) 
4 101 284 (200 1248 640 ) (200 1248 954 ) (200 1332 954 ) (200 1332 640 ) 
4 101 107 (224 1248 512 ) (224 1248 576 ) (200 1248 576 ) (200 1248 512 ) 
4 101 105 (224 1248 480 ) (312 1248 480 ) (312 1248 576 ) (224 1248 576 ) 
4 101 103 (312 1248 576 ) (312 1248 640 ) (200 1248 640 ) (200 1248 576 ) 
4 101 102 (312 1248 640 ) (312 1248 954 ) (200 1248 954 ) (200 1248 640 ) 
4 102 284 (200 1088 640 ) (200 1088 954 ) (200 1248 954 ) (200 1248 640 ) 
4 102 104 (352 1216 640 ) (352 1088 640 ) (224 1088 640 ) (224 1216 640 ) 
4 102 103 (200 1248 640 ) (352 1248 640 ) (352 1216 640 ) (200 1216 640 ) 
4 102 110 (352 1088 954 ) (200 1088 954 ) (200 1088 640 ) (352 1088 640 ) 
4 103 286 (200 1216 640 ) (200 1248 640 ) (200 1248 576 ) (200 1216 576 ) 
4 103 107 (224 1216 576 ) (200 1216 576 ) (200 1248 576 ) (224 1248 576 ) 
4 103 105 (352 1248 576 ) (352 1216 576 ) (224 1216 576 ) (224 1248 576 ) 
4 103 104 (352 1216 576 ) (352 1216 640 ) (224 1216 640 ) (224 1216 576 ) 
4 104 106 (352 1152 576 ) (352 1120 576 ) (224 1120 576 ) (224 1152 576 ) 
4 104 105 (352 1216 576 ) (352 1152 576 ) (224 1152 576 ) (224 1216 576 ) 
4 104 109 (352 1120 576 ) (352 1088 576 ) (224 1088 576 ) (224 1120 576 ) 
4 104 110 (224 1088 576 ) (352 1088 576 ) (352 1088 640 ) (224 1088 640 ) 
4 105 108 (224 1152 512 ) (224 1152 576 ) (224 1184 576 ) (224 1184 512 ) 
4 105 107 (224 1248 576 ) (224 1248 512 ) (224 1216 512 ) (224 1216 576 ) 
4 105 106 (352 1152 512 ) (352 1152 576 ) (224 1152 576 ) (224 1152 512 ) 
4 106 108 (224 1120 512 ) (224 1120 576 ) (224 1152 576 ) (224 1152 512 ) 
4 106 109 (352 1120 512 ) (352 1120 576 ) (224 1120 576 ) (224 1120 512 ) 
4 107 286 (200 1216 576 ) (200 1248 576 ) (200 1248 512 ) (200 1216 512 ) 
4 108 287 (200 1120 512 ) (200 1120 576 ) (200 1184 576 ) (200 1184 512 ) 
4 108 109 (224 1120 576 ) (200 1120 576 ) (200 1120 512 ) (224 1120 512 ) 
4 109 288 (200 1120 480 ) (200 1088 480 ) (200 1088 576 ) (200 1120 576 ) 
4 109 209 (200 1088 480 ) (200 1120 480 ) (352 1120 480 ) (352 1088 480 ) 
4 109 110 (200 1088 576 ) (200 1088 480 ) (352 1088 480 ) (352 1088 576 ) 
4 110 290 (200 1088 480 ) (200 960 480 ) (200 960 960 ) (200 1088 960 ) 
4 110 209 (200 960 480 ) (200 1088 480 ) (576 1088 480 ) (576 960 480 ) 
4 110 121 (244 960 480 ) (256 960 480 ) (256 960 928 ) (244 960 928 ) 
4 110 120 (260 960 928 ) (260 960 960 ) (244 960 960 ) (244 960 928 ) 
4 110 119 (288 960 928 ) (288 960 960 ) (260 960 960 ) (260 960 928 ) 
4 110 124 (200 960 480 ) (244 960 480 ) (244 960 960 ) (200 960 960 ) 
4 111 115 (576 864 1152 ) (576 896 1152 ) (576 896 992 ) (576 864 992 ) 
4 111 116 (576 832 1152 ) (576 864 1152 ) (576 864 960 ) (576 832 960 ) 
4 111 114 (576 896 1152 ) (576 960 1152 ) (576 960 960 ) (576 896 960 ) 
4 111 113 (576 832 960 ) (736 832 960 ) (736 832 1056 ) (576 832 1056 ) 
4 111 112 (768 832 1056 ) (768 832 1152 ) (576 832 1152 ) (576 832 1056 ) 
4 112 384 (768 512 1056 ) (768 512 1152 ) (576 512 1152 ) (576 512 1056 ) 
4 112 116 (576 512 1056 ) (576 512 1152 ) (576 832 1152 ) (576 832 1056 ) 
4 112 113 (736 512 1056 ) (576 512 1056 ) (576 832 1056 ) (736 832 1056 ) 
4 113 393 (576 512 960 ) (736 512 960 ) (736 512 1056 ) (576 512 1056 ) 
4 113 116 (576 512 960 ) (576 512 1056 ) (576 832 1056 ) (576 832 960 ) 
4 114 290 (200 896 1152 ) (200 960 1152 ) (200 960 960 ) (200 896 960 ) 
4 114 120 (244 960 960 ) (260 960 960 ) (260 932 960 ) (244 932 960 ) 
4 114 119 (260 960 960 ) (288 960 960 ) (288 896 960 ) (260 896 960 ) 
4 114 124 (200 896 960 ) (200 960 960 ) (244 960 960 ) (244 896 960 ) 
4 114 118 (200 896 992 ) (200 896 960 ) (352 896 960 ) (352 896 992 ) 
4 114 117 (200 896 1152 ) (200 896 992 ) (384 896 992 ) (384 896 1152 ) 
4 114 115 (576 896 992 ) (576 896 1152 ) (384 896 1152 ) (384 896 992 ) 
4 115 117 (384 864 992 ) (384 864 1152 ) (384 896 1152 ) (384 896 992 ) 
4 115 116 (576 864 992 ) (576 864 1152 ) (384 864 1152 ) (384 864 992 ) 
4 116 393 (384 512 960 ) (576 512 960 ) (576 512 1056 ) (384 512 1056 ) 
4 116 384 (576 512 1056 ) (576 512 1152 ) (384 512 1152 ) (384 512 1056 ) 
4 116 117 (384 512 992 ) (384 512 1152 ) (384 864 1152 ) (384 864 992 ) 
4 117 510 (200 512 1152 ) (200 512 992 ) (224 512 992 ) (224 512 1152 ) 
4 117 401 (224 512 992 ) (256 512 992 ) (256 512 1056 ) (224 512 1056 ) 
4 117 393 (288 512 992 ) (384 512 992 ) (384 512 1056 ) (288 512 1056 ) 
4 117 394 (256 512 992 ) (288 512 992 ) (288 512 1056 ) (256 512 1056 ) 
4 117 387 (352 512 1152 ) (224 512 1152 ) (224 512 1056 ) (352 512 1056 ) 
4 117 384 (384 512 1056 ) (384 512 1152 ) (352 512 1152 ) (352 512 1056 ) 
4 117 290 (200 512 992 ) (200 512 1152 ) (200 896 1152 ) (200 896 992 ) 
4 117 118 (352 512 992 ) (200 512 992 ) (200 896 992 ) (352 896 992 ) 
4 118 510 (200 512 992 ) (200 512 960 ) (224 512 960 ) (224 512 992 ) 
4 118 401 (224 512 960 ) (256 512 960 ) (256 512 992 ) (224 512 992 ) 
4 118 393 (288 512 960 ) (352 512 960 ) (352 512 992 ) (288 512 992 ) 
4 118 394 (256 512 960 ) (288 512 960 ) (288 512 992 ) (256 512 992 ) 
4 118 290 (200 512 960 ) (200 512 992 ) (200 896 992 ) (200 896 960 ) 
4 118 122 (260 512 960 ) (244 512 960 ) (244 864 960 ) (260 864 960 ) 
4 118 119 (288 512 960 ) (260 512 960 ) (260 896 960 ) (288 896 960 ) 
4 118 124 (244 512 960 ) (200 512 960 ) (200 896 960 ) (244 896 960 ) 
4 119 394 (288 512 928 ) (288 512 960 ) (260 512 960 ) (260 512 928 ) 
4 119 122 (260 512 928 ) (260 512 960 ) (260 864 960 ) (260 864 928 ) 
4 119 120 (260 932 960 ) (260 960 960 ) (260 960 928 ) (260 932 928 ) 
4 120 121 (256 932 928 ) (244 932 928 ) (244 960 928 ) (256 960 928 ) 
4 120 124 (244 960 960 ) (244 960 928 ) (244 932 928 ) (244 932 960 ) 
4 121 213 (244 932 480 ) (244 960 480 ) (256 960 480 ) (256 932 480 ) 
4 121 124 (244 960 928 ) (244 960 480 ) (244 932 480 ) (244 932 928 ) 
4 122 401 (256 512 960 ) (244 512 960 ) (244 512 928 ) (256 512 928 ) 
4 122 394 (260 512 928 ) (260 512 960 ) (256 512 960 ) (256 512 928 ) 
4 122 123 (256 512 928 ) (244 512 928 ) (244 864 928 ) (256 864 928 ) 
4 122 124 (244 512 928 ) (244 512 960 ) (244 864 960 ) (244 864 928 ) 
4 123 401 (244 512 480 ) (256 512 480 ) (256 512 928 ) (244 512 928 ) 
4 123 215 (256 512 480 ) (244 512 480 ) (244 864 480 ) (256 864 480 ) 
4 123 124 (244 864 480 ) (244 512 480 ) (244 512 928 ) (244 864 928 ) 
4 124 510 (200 512 960 ) (200 512 480 ) (224 512 480 ) (224 512 960 ) 
4 124 401 (224 512 480 ) (244 512 480 ) (244 512 960 ) (224 512 960 ) 
4 124 290 (200 960 480 ) (200 512 480 ) (200 512 960 ) (200 960 960 ) 
4 124 215 (244 512 480 ) (200 512 480 ) (200 864 480 ) (244 864 480 ) 
4 124 214 (200 864 480 ) (200 932 480 ) (244 932 480 ) (244 864 480 ) 
4 124 213 (200 932 480 ) (200 960 480 ) (244 960 480 ) (244 932 480 ) 
4 125 160 (1792 1504 480 ) (1664 1504 480 ) (1664 1504 -160 ) (1792 1504 -160 ) 
4 125 136 (1792 1504 -160 ) (1664 1504 -160 ) (1664 2304 -160 ) (1792 2304 -160 ) 
4 125 126 (1664 2304 -160 ) (1664 2176 -160 ) (1664 2176 480 ) (1664 2304 480 ) 
4 126 143 (1088 2304 -160 ) (1088 2176 -160 ) (1088 2176 480 ) (1088 2304 480 ) 
4 126 137 (1088 2176 -160 ) (1088 2304 -160 ) (1664 2304 -160 ) (1664 2176 -160 ) 
4 127 144 (1088 2176 -160 ) (1088 1824 -160 ) (1088 1824 480 ) (1088 2176 480 ) 
4 127 138 (1088 1824 -160 ) (1088 2176 -160 ) (1664 2176 -160 ) (1664 1824 -160 ) 
4 127 128 (1376 1824 -160 ) (1664 1824 -160 ) (1664 1824 480 ) (1376 1824 480 ) 
4 128 162 (1408 1504 480 ) (1376 1504 480 ) (1376 1504 -160 ) (1408 1504 -160 ) 
4 128 161 (1664 1504 480 ) (1408 1504 480 ) (1408 1504 -160 ) (1664 1504 -160 ) 
4 128 139 (1664 1504 -160 ) (1376 1504 -160 ) (1376 1824 -160 ) (1664 1824 -160 ) 
4 129 145 (1088 1664 -128 ) (1088 1664 448 ) (1088 1696 448 ) (1088 1696 -128 ) 
4 129 132 (1088 1664 448 ) (1088 1664 -128 ) (1231 1664 -128 ) (1231 1664 448 ) 
4 130 146 (1088 1696 -160 ) (1088 1664 -160 ) (1088 1664 -128 ) (1088 1696 -128 ) 
4 130 133 (1088 1664 -128 ) (1088 1664 -160 ) (1231 1664 -160 ) (1231 1664 -128 ) 
4 131 134 (1088 1600 480 ) (1088 1600 448 ) (1231 1600 448 ) (1231 1600 480 ) 
4 131 132 (1231 1600 448 ) (1088 1600 448 ) (1088 1632 448 ) (1231 1632 448 ) 
4 132 145 (1088 1600 -128 ) (1088 1600 448 ) (1088 1664 448 ) (1088 1664 -128 ) 
4 132 134 (1088 1600 448 ) (1088 1600 -128 ) (1231 1600 -128 ) (1231 1600 448 ) 
4 133 146 (1088 1664 -160 ) (1088 1600 -160 ) (1088 1600 -128 ) (1088 1664 -128 ) 
4 133 135 (1088 1600 -128 ) (1088 1600 -160 ) (1231 1600 -160 ) (1231 1600 -128 ) 
4 134 163 (1231 1504 480 ) (1088 1504 480 ) (1088 1504 -128 ) (1231 1504 -128 ) 
4 134 145 (1088 1504 -128 ) (1088 1504 448 ) (1088 1600 448 ) (1088 1600 -128 ) 
4 135 164 (1088 1504 -128 ) (1088 1504 -160 ) (1231 1504 -160 ) (1231 1504 -128 ) 
4 135 146 (1088 1600 -160 ) (1088 1504 -160 ) (1088 1504 -128 ) (1088 1600 -128 ) 
4 136 180 (1792 1504 -160 ) (1664 1504 -160 ) (1664 1504 -640 ) (1792 1504 -640 ) 
4 136 142 (1792 1504 -640 ) (1664 1504 -640 ) (1664 2304 -640 ) (1792 2304 -640 ) 
4 136 137 (1664 2304 -640 ) (1664 2176 -640 ) (1664 2176 -160 ) (1664 2304 -160 ) 
4 137 150 (1088 2176 -160 ) (1088 2304 -160 ) (1088 2304 -640 ) (1088 2176 -640 ) 
4 137 142 (1088 2176 -640 ) (1088 2304 -640 ) (1664 2304 -640 ) (1664 2176 -640 ) 
4 138 151 (1088 1824 -160 ) (1088 2176 -160 ) (1088 2176 -640 ) (1088 1824 -640 ) 
4 138 140 (1088 1824 -288 ) (1088 1824 -320 ) (1152 1824 -320 ) (1152 1824 -288 ) 
4 138 141 (1088 1824 -320 ) (1088 1824 -640 ) (1376 1824 -640 ) (1376 1824 -320 ) 
4 138 139 (1376 1824 -640 ) (1664 1824 -640 ) (1664 1824 -160 ) (1376 1824 -160 ) 
4 139 181 (1664 1504 -160 ) (1376 1504 -160 ) (1376 1504 -640 ) (1664 1504 -640 ) 
4 139 141 (1376 1824 -320 ) (1376 1824 -640 ) (1376 1504 -640 ) (1376 1504 -320 ) 
4 140 152 (1088 1824 -288 ) (1088 1824 -320 ) (1088 1728 -320 ) (1088 1728 -288 ) 
4 140 141 (1088 1728 -320 ) (1088 1824 -320 ) (1152 1824 -320 ) (1152 1728 -320 ) 
4 141 183 (1088 1504 -320 ) (1088 1504 -640 ) (1376 1504 -640 ) (1376 1504 -320 ) 
4 141 155 (1088 1504 -352 ) (1088 1504 -320 ) (1088 1696 -320 ) (1088 1696 -352 ) 
4 141 153 (1088 1696 -320 ) (1088 1728 -320 ) (1088 1728 -352 ) (1088 1696 -352 ) 
4 141 152 (1088 1728 -320 ) (1088 1824 -320 ) (1088 1824 -352 ) (1088 1728 -352 ) 
4 141 157 (1088 1504 -640 ) (1088 1504 -352 ) (1088 1824 -352 ) (1088 1824 -640 ) 
4 142 191 (1088 1504 -640 ) (1088 1504 -768 ) (1888 1504 -768 ) (1888 1504 -640 ) 
4 142 159 (1088 1504 -768 ) (1088 1504 -640 ) (1088 2432 -640 ) (1088 2432 -768 ) 
4 143 311 (200 2304 -160 ) (200 2176 -160 ) (200 2176 480 ) (200 2304 480 ) 
4 143 150 (1088 2304 -160 ) (1088 2176 -160 ) (200 2176 -160 ) (200 2304 -160 ) 
4 144 312 (200 2176 -160 ) (200 1824 -160 ) (200 1824 480 ) (200 2176 480 ) 
4 144 151 (1088 2176 -160 ) (1088 1824 -160 ) (200 1824 -160 ) (200 2176 -160 ) 
4 144 148 (200 1824 448 ) (200 1824 -160 ) (768 1824 -160 ) (768 1824 448 ) 
4 144 147 (200 1824 480 ) (200 1824 448 ) (640 1824 448 ) (640 1824 480 ) 
4 145 192 (1088 1504 -128 ) (1088 1504 448 ) (960 1504 448 ) (960 1504 -128 ) 
4 146 193 (960 1504 -160 ) (1088 1504 -160 ) (1088 1504 -128 ) (960 1504 -128 ) 
4 147 312 (200 1792 480 ) (200 1824 480 ) (200 1824 448 ) (200 1792 448 ) 
4 147 148 (200 1792 448 ) (200 1824 448 ) (640 1824 448 ) (640 1792 448 ) 
4 148 312 (200 1824 -160 ) (200 1792 -160 ) (200 1792 448 ) (200 1824 448 ) 
4 148 158 (200 1792 -160 ) (200 1824 -160 ) (768 1824 -160 ) (768 1792 -160 ) 
4 149 194 (704 1504 -160 ) (896 1504 -160 ) (896 1504 448 ) (704 1504 448 ) 
4 149 156 (896 1504 -160 ) (768 1504 -160 ) (768 1568 -160 ) (896 1568 -160 ) 
4 149 158 (768 1504 -160 ) (704 1504 -160 ) (704 1568 -160 ) (768 1568 -160 ) 
4 150 314 (200 2176 -160 ) (200 2304 -160 ) (200 2304 -640 ) (200 2176 -640 ) 
4 150 159 (1088 2304 -640 ) (1088 2176 -640 ) (200 2176 -640 ) (200 2304 -640 ) 
4 151 316 (200 1824 -160 ) (200 2176 -160 ) (200 2176 -640 ) (200 1824 -640 ) 
4 151 152 (1088 1824 -352 ) (1088 1824 -288 ) (960 1824 -288 ) (960 1824 -352 ) 
4 151 154 (960 1824 -288 ) (768 1824 -288 ) (768 1824 -352 ) (960 1824 -352 ) 
4 151 157 (1088 1824 -640 ) (1088 1824 -352 ) (768 1824 -352 ) (768 1824 -640 ) 
4 151 158 (768 1824 -160 ) (200 1824 -160 ) (200 1824 -640 ) (768 1824 -640 ) 
4 152 153 (960 1728 -352 ) (1088 1728 -352 ) (1088 1728 -320 ) (960 1728 -320 ) 
4 152 154 (960 1824 -288 ) (960 1824 -352 ) (960 1728 -352 ) (960 1728 -288 ) 
4 152 157 (1088 1824 -352 ) (1088 1728 -352 ) (960 1728 -352 ) (960 1824 -352 ) 
4 153 155 (960 1696 -352 ) (1088 1696 -352 ) (1088 1696 -320 ) (960 1696 -320 ) 
4 153 157 (1088 1728 -352 ) (1088 1696 -352 ) (960 1696 -352 ) (960 1728 -352 ) 
4 153 154 (960 1728 -352 ) (960 1696 -352 ) (960 1696 -320 ) (960 1728 -320 ) 
4 154 156 (768 1696 -288 ) (768 1696 -352 ) (896 1696 -352 ) (896 1696 -288 ) 
4 154 157 (960 1696 -352 ) (768 1696 -352 ) (768 1824 -352 ) (960 1824 -352 ) 
4 154 158 (768 1824 -288 ) (768 1824 -352 ) (768 1696 -352 ) (768 1696 -288 ) 
4 155 218 (1088 1504 -352 ) (1088 1504 -320 ) (960 1504 -320 ) (960 1504 -352 ) 
4 155 157 (1088 1696 -352 ) (1088 1504 -352 ) (960 1504 -352 ) (960 1696 -352 ) 
4 156 220 (896 1504 -160 ) (768 1504 -160 ) (768 1504 -352 ) (896 1504 -352 ) 
4 156 158 (768 1696 -352 ) (768 1504 -352 ) (768 1504 -160 ) (768 1696 -160 ) 
4 156 157 (896 1504 -352 ) (768 1504 -352 ) (768 1696 -352 ) (896 1696 -352 ) 
4 157 231 (768 1504 -640 ) (1088 1504 -640 ) (1088 1504 -352 ) (768 1504 -352 ) 
4 157 158 (768 1824 -352 ) (768 1824 -640 ) (768 1504 -640 ) (768 1504 -352 ) 
4 158 316 (200 1504 -640 ) (200 1504 -160 ) (200 1824 -160 ) (200 1824 -640 ) 
4 158 231 (200 1504 -352 ) (200 1504 -640 ) (768 1504 -640 ) (768 1504 -352 ) 
4 158 221 (640 1504 -352 ) (768 1504 -352 ) (768 1504 -160 ) (640 1504 -160 ) 
4 158 224 (200 1504 -160 ) (200 1504 -352 ) (640 1504 -352 ) (640 1504 -160 ) 
4 159 317 (200 1504 -768 ) (200 1504 -640 ) (200 2176 -640 ) (200 2176 -768 ) 
4 159 315 (200 2176 -640 ) (200 2432 -640 ) (200 2432 -768 ) (200 2176 -768 ) 
4 159 232 (200 1504 -640 ) (200 1504 -768 ) (1088 1504 -768 ) (1088 1504 -640 ) 
4 160 423 (1664 512 416 ) (1664 512 -160 ) (1792 512 -160 ) (1792 512 416 ) 
4 160 372 (1792 512 480 ) (1664 512 480 ) (1664 512 416 ) (1792 512 416 ) 
4 160 180 (1792 512 -160 ) (1664 512 -160 ) (1664 1504 -160 ) (1792 1504 -160 ) 
4 161 425 (1408 512 0 ) (1408 512 -160 ) (1664 512 -160 ) (1664 512 0 ) 
4 161 424 (1408 512 416 ) (1408 512 0 ) (1664 512 0 ) (1664 512 416 ) 
4 161 374 (1472 512 480 ) (1408 512 480 ) (1408 512 416 ) (1472 512 416 ) 
4 161 373 (1664 512 480 ) (1472 512 480 ) (1472 512 416 ) (1664 512 416 ) 
4 161 181 (1664 512 -160 ) (1408 512 -160 ) (1408 1504 -160 ) (1664 1504 -160 ) 
4 161 177 (1408 544 -160 ) (1408 512 -160 ) (1408 512 -32 ) (1408 544 -32 ) 
4 161 173 (1408 832 -160 ) (1408 544 -160 ) (1408 544 -32 ) (1408 832 -32 ) 
4 161 172 (1408 864 -160 ) (1408 832 -160 ) (1408 832 -32 ) (1408 864 -32 ) 
4 161 170 (1408 1280 -160 ) (1408 1248 -160 ) (1408 1248 0 ) (1408 1280 0 ) 
4 161 171 (1408 1248 -160 ) (1408 864 -160 ) (1408 864 0 ) (1408 1248 0 ) 
4 161 168 (1408 832 480 ) (1408 1248 480 ) (1408 1248 0 ) (1408 832 0 ) 
4 161 167 (1408 1248 480 ) (1408 1280 480 ) (1408 1280 0 ) (1408 1248 0 ) 
4 161 169 (1408 512 0 ) (1408 512 480 ) (1408 832 480 ) (1408 832 0 ) 
4 161 162 (1408 1504 480 ) (1408 1504 -160 ) (1408 1280 -160 ) (1408 1280 480 ) 
4 162 181 (1376 1504 -160 ) (1408 1504 -160 ) (1408 1280 -160 ) (1376 1280 -160 ) 
4 162 170 (1376 1280 -160 ) (1408 1280 -160 ) (1408 1280 0 ) (1376 1280 0 ) 
4 162 167 (1408 1280 0 ) (1408 1280 480 ) (1376 1280 480 ) (1376 1280 0 ) 
4 163 192 (1088 1504 448 ) (1088 1504 -128 ) (1088 1440 -128 ) (1088 1440 448 ) 
4 163 165 (1231 1440 -128 ) (1231 1440 480 ) (1088 1440 480 ) (1088 1440 -128 ) 
4 164 193 (1088 1504 -128 ) (1088 1504 -160 ) (1088 1440 -160 ) (1088 1440 -128 ) 
4 164 166 (1088 1440 -160 ) (1231 1440 -160 ) (1231 1440 -128 ) (1088 1440 -128 ) 
4 165 196 (1088 1280 -128 ) (1088 1280 448 ) (1088 1376 448 ) (1088 1376 -128 ) 
4 165 195 (1088 1280 448 ) (1088 1280 480 ) (1088 1312 480 ) (1088 1312 448 ) 
4 165 192 (1088 1440 448 ) (1088 1440 -128 ) (1088 1376 -128 ) (1088 1376 448 ) 
4 165 174 (1088 1280 -32 ) (1088 1280 -96 ) (1120 1280 -96 ) (1120 1280 -32 ) 
4 166 197 (1088 1376 -160 ) (1088 1280 -160 ) (1088 1280 -128 ) (1088 1376 -128 ) 
4 166 193 (1088 1440 -160 ) (1088 1376 -160 ) (1088 1376 -128 ) (1088 1440 -128 ) 
4 167 170 (1376 1280 0 ) (1408 1280 0 ) (1408 1248 0 ) (1376 1248 0 ) 
4 167 168 (1376 1248 0 ) (1408 1248 0 ) (1408 1248 480 ) (1376 1248 480 ) 
4 168 171 (1248 1248 0 ) (1408 1248 0 ) (1408 864 0 ) (1248 864 0 ) 
4 168 169 (1408 832 0 ) (1408 832 480 ) (1248 832 480 ) (1248 832 0 ) 
4 169 435 (1088 512 32 ) (1088 512 0 ) (1280 512 0 ) (1280 512 32 ) 
4 169 434 (1088 512 416 ) (1088 512 32 ) (1280 512 32 ) (1280 512 416 ) 
4 169 424 (1280 512 0 ) (1408 512 0 ) (1408 512 416 ) (1280 512 416 ) 
4 169 391 (1280 512 480 ) (1088 512 480 ) (1088 512 416 ) (1280 512 416 ) 
4 169 374 (1408 512 480 ) (1280 512 480 ) (1280 512 416 ) (1408 512 416 ) 
4 169 200 (1088 512 0 ) (1088 512 32 ) (1088 672 32 ) (1088 672 0 ) 
4 169 199 (1088 672 32 ) (1088 832 32 ) (1088 832 0 ) (1088 672 0 ) 
4 169 198 (1088 512 32 ) (1088 512 480 ) (1088 832 480 ) (1088 832 32 ) 
4 170 181 (1376 1280 -160 ) (1408 1280 -160 ) (1408 1248 -160 ) (1376 1248 -160 ) 
4 170 171 (1376 1248 -160 ) (1408 1248 -160 ) (1408 1248 0 ) (1376 1248 0 ) 
4 171 185 (1376 864 -160 ) (1248 864 -160 ) (1248 928 -160 ) (1376 928 -160 ) 
4 171 184 (1248 928 -160 ) (1248 1248 -160 ) (1376 1248 -160 ) (1376 928 -160 ) 
4 171 181 (1408 1248 -160 ) (1408 864 -160 ) (1376 864 -160 ) (1376 1248 -160 ) 
4 171 172 (1248 864 -160 ) (1408 864 -160 ) (1408 864 -32 ) (1248 864 -32 ) 
4 172 185 (1376 832 -160 ) (1248 832 -160 ) (1248 864 -160 ) (1376 864 -160 ) 
4 172 181 (1408 864 -160 ) (1408 832 -160 ) (1376 832 -160 ) (1376 864 -160 ) 
4 172 173 (1312 832 -160 ) (1408 832 -160 ) (1408 832 -32 ) (1312 832 -32 ) 
4 173 186 (1376 544 -160 ) (1312 544 -160 ) (1312 832 -160 ) (1376 832 -160 ) 
4 173 181 (1408 832 -160 ) (1408 544 -160 ) (1376 544 -160 ) (1376 832 -160 ) 
4 173 177 (1376 544 -160 ) (1408 544 -160 ) (1408 544 -32 ) (1376 544 -32 ) 
4 174 201 (1088 1024 -32 ) (1088 1280 -32 ) (1088 1280 -96 ) (1088 1024 -96 ) 
4 175 202 (1088 928 -32 ) (1088 1024 -32 ) (1088 1024 -96 ) (1088 928 -96 ) 
4 176 203 (1088 544 -96 ) (1088 544 -32 ) (1088 928 -32 ) (1088 928 -96 ) 
4 176 178 (1088 544 -32 ) (1088 544 -96 ) (1120 544 -96 ) (1120 544 -32 ) 
4 177 426 (1376 512 -160 ) (1408 512 -160 ) (1408 512 -32 ) (1376 512 -32 ) 
4 177 181 (1408 512 -160 ) (1376 512 -160 ) (1376 544 -160 ) (1408 544 -160 ) 
4 178 436 (1088 512 -32 ) (1088 512 -96 ) (1280 512 -96 ) (1280 512 -32 ) 
4 178 204 (1088 512 -96 ) (1088 512 -32 ) (1088 544 -32 ) (1088 544 -96 ) 
4 179 437 (1088 512 -96 ) (1088 512 -160 ) (1280 512 -160 ) (1280 512 -96 ) 
4 179 205 (1088 544 -160 ) (1088 512 -160 ) (1088 512 -96 ) (1088 544 -96 ) 
4 180 431 (1664 512 -192 ) (1664 512 -640 ) (1792 512 -640 ) (1792 512 -192 ) 
4 180 423 (1792 512 -160 ) (1664 512 -160 ) (1664 512 -192 ) (1792 512 -192 ) 
4 180 191 (1792 512 -640 ) (1664 512 -640 ) (1664 1504 -640 ) (1792 1504 -640 ) 
4 181 432 (1376 512 -192 ) (1376 512 -640 ) (1664 512 -640 ) (1664 512 -192 ) 
4 181 427 (1408 512 -160 ) (1376 512 -160 ) (1376 512 -192 ) (1408 512 -192 ) 
4 181 425 (1664 512 -160 ) (1408 512 -160 ) (1408 512 -192 ) (1664 512 -192 ) 
4 181 188 (1376 512 -224 ) (1376 512 -160 ) (1376 544 -160 ) (1376 544 -224 ) 
4 181 186 (1376 544 -160 ) (1376 832 -160 ) (1376 832 -224 ) (1376 544 -224 ) 
4 181 185 (1376 832 -160 ) (1376 928 -160 ) (1376 928 -224 ) (1376 832 -224 ) 
4 181 190 (1376 512 -640 ) (1376 512 -224 ) (1376 928 -224 ) (1376 928 -640 ) 
4 181 183 (1376 1504 -320 ) (1376 1504 -640 ) (1376 1248 -640 ) (1376 1248 -320 ) 
4 181 184 (1376 928 -160 ) (1376 1248 -160 ) (1376 1248 -640 ) (1376 928 -640 ) 
4 182 223 (1088 1280 -320 ) (1088 1248 -320 ) (1088 1248 -160 ) (1088 1280 -160 ) 
4 182 184 (1248 1248 -160 ) (1088 1248 -160 ) (1088 1248 -320 ) (1248 1248 -320 ) 
4 182 183 (1248 1248 -320 ) (1088 1248 -320 ) (1088 1280 -320 ) (1248 1280 -320 ) 
4 183 231 (1088 1504 -352 ) (1088 1504 -640 ) (1088 1248 -640 ) (1088 1248 -352 ) 
4 183 218 (1088 1504 -320 ) (1088 1504 -352 ) (1088 1280 -352 ) (1088 1280 -320 ) 
4 183 223 (1088 1280 -352 ) (1088 1248 -352 ) (1088 1248 -320 ) (1088 1280 -320 ) 
4 183 184 (1088 1248 -320 ) (1088 1248 -640 ) (1376 1248 -640 ) (1376 1248 -320 ) 
4 184 231 (1088 1248 -640 ) (1088 928 -640 ) (1088 928 -352 ) (1088 1248 -352 ) 
4 184 223 (1088 928 -352 ) (1088 928 -160 ) (1088 1248 -160 ) (1088 1248 -352 ) 
4 184 185 (1120 928 -224 ) (1376 928 -224 ) (1376 928 -160 ) (1120 928 -160 ) 
4 184 190 (1088 928 -224 ) (1088 928 -640 ) (1376 928 -640 ) (1376 928 -224 ) 
4 185 187 (1120 832 -224 ) (1312 832 -224 ) (1312 832 -192 ) (1120 832 -192 ) 
4 185 186 (1312 832 -224 ) (1376 832 -224 ) (1376 832 -160 ) (1312 832 -160 ) 
4 185 190 (1120 928 -224 ) (1376 928 -224 ) (1376 832 -224 ) (1120 832 -224 ) 
4 186 188 (1312 544 -224 ) (1376 544 -224 ) (1376 544 -160 ) (1312 544 -160 ) 
4 186 187 (1312 832 -224 ) (1312 544 -224 ) (1312 544 -192 ) (1312 832 -192 ) 
4 186 190 (1312 832 -224 ) (1376 832 -224 ) (1376 544 -224 ) (1312 544 -224 ) 
4 187 189 (1120 544 -224 ) (1312 544 -224 ) (1312 544 -192 ) (1120 544 -192 ) 
4 187 190 (1120 832 -224 ) (1312 832 -224 ) (1312 544 -224 ) (1120 544 -224 ) 
4 188 432 (1312 512 -192 ) (1312 512 -224 ) (1376 512 -224 ) (1376 512 -192 ) 
4 188 427 (1376 512 -160 ) (1312 512 -160 ) (1312 512 -192 ) (1376 512 -192 ) 
4 188 189 (1312 544 -192 ) (1312 544 -224 ) (1312 512 -224 ) (1312 512 -192 ) 
4 188 190 (1376 512 -224 ) (1312 512 -224 ) (1312 544 -224 ) (1376 544 -224 ) 
4 189 472 (1088 512 -192 ) (1088 512 -224 ) (1280 512 -224 ) (1280 512 -192 ) 
4 189 432 (1280 512 -224 ) (1312 512 -224 ) (1312 512 -192 ) (1280 512 -192 ) 
4 189 227 (1088 512 -224 ) (1088 512 -192 ) (1088 544 -192 ) (1088 544 -224 ) 
4 189 190 (1312 512 -224 ) (1088 512 -224 ) (1088 544 -224 ) (1312 544 -224 ) 
4 190 472 (1088 512 -224 ) (1088 512 -640 ) (1280 512 -640 ) (1280 512 -224 ) 
4 190 432 (1280 512 -640 ) (1376 512 -640 ) (1376 512 -224 ) (1280 512 -224 ) 
4 190 231 (1088 928 -640 ) (1088 512 -640 ) (1088 512 -352 ) (1088 928 -352 ) 
4 190 227 (1088 512 -352 ) (1088 512 -224 ) (1088 544 -224 ) (1088 544 -352 ) 
4 190 225 (1088 544 -224 ) (1088 928 -224 ) (1088 928 -352 ) (1088 544 -352 ) 
4 191 477 (1280 512 -640 ) (1088 512 -640 ) (1088 512 -768 ) (1280 512 -768 ) 
4 191 433 (1888 512 -768 ) (1888 512 -640 ) (1280 512 -640 ) (1280 512 -768 ) 
4 191 232 (1088 1504 -640 ) (1088 1504 -768 ) (1088 512 -768 ) (1088 512 -640 ) 
4 192 196 (1088 1376 -128 ) (1088 1376 448 ) (960 1376 448 ) (960 1376 -128 ) 
4 193 197 (960 1376 -160 ) (1088 1376 -160 ) (1088 1376 -128 ) (960 1376 -128 ) 
4 194 221 (768 1376 -160 ) (704 1376 -160 ) (704 1504 -160 ) (768 1504 -160 ) 
4 194 220 (896 1376 -160 ) (768 1376 -160 ) (768 1504 -160 ) (896 1504 -160 ) 
4 195 196 (1088 1312 448 ) (1088 1280 448 ) (960 1280 448 ) (960 1312 448 ) 
4 196 201 (1088 1280 -96 ) (1088 1280 -32 ) (992 1280 -32 ) (992 1280 -96 ) 
4 198 434 (1088 512 32 ) (1088 512 416 ) (768 512 416 ) (768 512 32 ) 
4 198 391 (1088 512 416 ) (1088 512 480 ) (768 512 480 ) (768 512 416 ) 
4 198 200 (1088 672 32 ) (1088 512 32 ) (800 512 32 ) (800 672 32 ) 
4 198 199 (1088 832 32 ) (1088 672 32 ) (768 672 32 ) (768 832 32 ) 
4 199 200 (800 672 0 ) (1088 672 0 ) (1088 672 32 ) (800 672 32 ) 
4 200 435 (1088 512 0 ) (1088 512 32 ) (800 512 32 ) (800 512 0 ) 
4 203 204 (1088 544 -96 ) (1088 544 -32 ) (992 544 -32 ) (992 544 -96 ) 
4 204 436 (1088 512 -96 ) (1088 512 -32 ) (800 512 -32 ) (800 512 -96 ) 
4 205 437 (1088 512 -160 ) (1088 512 -96 ) (800 512 -96 ) (800 512 -160 ) 
4 206 228 (768 672 -160 ) (768 832 -160 ) (800 832 -160 ) (800 672 -160 ) 
4 207 210 (768 1312 448 ) (768 1248 448 ) (640 1248 448 ) (640 1312 448 ) 
4 208 211 (320 1248 448 ) (320 1376 448 ) (608 1376 448 ) (608 1248 448 ) 
4 209 335 (200 960 480 ) (200 1120 480 ) (200 1120 448 ) (200 960 448 ) 
4 209 213 (200 960 480 ) (200 960 448 ) (256 960 448 ) (256 960 480 ) 
4 209 210 (768 1120 448 ) (768 960 448 ) (640 960 448 ) (640 1120 448 ) 
4 209 211 (640 960 448 ) (200 960 448 ) (200 1120 448 ) (640 1120 448 ) 
4 210 211 (640 1312 -96 ) (640 960 -96 ) (640 960 448 ) (640 1312 448 ) 
4 211 336 (200 1376 448 ) (200 1376 -96 ) (200 960 -96 ) (200 960 448 ) 
4 211 213 (200 960 448 ) (200 960 -96 ) (256 960 -96 ) (256 960 448 ) 
4 211 212 (320 960 -96 ) (640 960 -96 ) (640 960 32 ) (320 960 32 ) 
4 212 449 (320 512 32 ) (320 512 -96 ) (640 512 -96 ) (640 512 32 ) 
4 213 342 (200 932 480 ) (200 960 480 ) (200 960 -96 ) (200 932 -96 ) 
4 213 214 (200 932 480 ) (200 932 -96 ) (244 932 -96 ) (244 932 480 ) 
4 214 342 (200 864 480 ) (200 932 480 ) (200 932 -96 ) (200 864 -96 ) 
4 214 216 (200 864 -32 ) (200 864 -96 ) (224 864 -96 ) (224 864 -32 ) 
4 214 215 (200 864 480 ) (200 864 -32 ) (244 864 -32 ) (244 864 480 ) 
4 215 560 (200 512 448 ) (200 512 -32 ) (224 512 -32 ) (224 512 448 ) 
4 215 510 (224 512 480 ) (200 512 480 ) (200 512 448 ) (224 512 448 ) 
4 215 450 (224 512 32 ) (224 512 -32 ) (256 512 -32 ) (256 512 32 ) 
4 215 445 (224 512 416 ) (224 512 32 ) (256 512 32 ) (256 512 416 ) 
4 215 401 (256 512 480 ) (224 512 480 ) (224 512 416 ) (256 512 416 ) 
4 215 342 (200 512 -32 ) (200 512 480 ) (200 864 480 ) (200 864 -32 ) 
4 215 216 (224 512 -32 ) (200 512 -32 ) (200 864 -32 ) (224 864 -32 ) 
4 216 560 (200 512 -32 ) (200 512 -96 ) (224 512 -96 ) (224 512 -32 ) 
4 216 342 (200 512 -96 ) (200 512 -32 ) (200 864 -32 ) (200 864 -96 ) 
4 217 585 (200 512 -112 ) (200 512 -160 ) (224 512 -160 ) (224 512 -112 ) 
4 217 452 (224 512 -160 ) (256 512 -160 ) (256 512 -112 ) (224 512 -112 ) 
4 217 343 (200 512 -160 ) (200 512 -112 ) (200 960 -112 ) (200 960 -160 ) 
4 217 230 (256 512 -160 ) (200 512 -160 ) (200 928 -160 ) (256 928 -160 ) 
4 217 224 (200 928 -160 ) (200 960 -160 ) (256 960 -160 ) (256 928 -160 ) 
4 218 231 (960 1504 -352 ) (1088 1504 -352 ) (1088 1280 -352 ) (960 1280 -352 ) 
4 218 219 (960 1376 -352 ) (960 1280 -352 ) (960 1280 -320 ) (960 1376 -320 ) 
4 218 223 (960 1280 -352 ) (1088 1280 -352 ) (1088 1280 -320 ) (960 1280 -320 ) 
4 219 231 (960 1376 -352 ) (960 1280 -352 ) (896 1280 -352 ) (896 1376 -352 ) 
4 219 220 (896 1376 -352 ) (896 1280 -352 ) (896 1280 -160 ) (896 1376 -160 ) 
4 219 223 (896 1280 -352 ) (960 1280 -352 ) (960 1280 -160 ) (896 1280 -160 ) 
4 220 231 (768 1504 -352 ) (896 1504 -352 ) (896 1280 -352 ) (768 1280 -352 ) 
4 220 222 (768 1312 -352 ) (768 1280 -352 ) (768 1280 -160 ) (768 1312 -160 ) 
4 220 221 (768 1504 -160 ) (768 1504 -352 ) (768 1376 -352 ) (768 1376 -160 ) 
4 220 223 (768 1280 -352 ) (896 1280 -352 ) (896 1280 -160 ) (768 1280 -160 ) 
4 221 231 (640 1504 -352 ) (768 1504 -352 ) (768 1376 -352 ) (640 1376 -352 ) 
4 221 224 (640 1504 -352 ) (640 1376 -352 ) (640 1376 -160 ) (640 1504 -160 ) 
4 222 231 (768 1312 -352 ) (768 1280 -352 ) (640 1280 -352 ) (640 1312 -352 ) 
4 222 224 (640 1312 -352 ) (640 1280 -352 ) (640 1280 -160 ) (640 1312 -160 ) 
4 222 223 (640 1280 -352 ) (768 1280 -352 ) (768 1280 -160 ) (640 1280 -160 ) 
4 223 231 (1088 1280 -352 ) (1088 928 -352 ) (640 928 -352 ) (640 1280 -352 ) 
4 223 228 (768 928 -352 ) (800 928 -352 ) (800 928 -160 ) (768 928 -160 ) 
4 223 225 (992 928 -352 ) (1088 928 -352 ) (1088 928 -224 ) (992 928 -224 ) 
4 223 226 (800 928 -352 ) (992 928 -352 ) (992 928 -160 ) (800 928 -160 ) 
4 223 230 (640 928 -352 ) (768 928 -352 ) (768 928 -160 ) (640 928 -160 ) 
4 223 224 (640 1280 -352 ) (640 928 -352 ) (640 928 -160 ) (640 1280 -160 ) 
4 224 346 (200 928 -160 ) (200 1280 -160 ) (200 1280 -352 ) (200 928 -352 ) 
4 224 345 (200 1280 -160 ) (200 1376 -160 ) (200 1376 -352 ) (200 1280 -352 ) 
4 224 316 (200 1376 -160 ) (200 1504 -160 ) (200 1504 -352 ) (200 1376 -352 ) 
4 224 231 (200 928 -352 ) (200 1504 -352 ) (640 1504 -352 ) (640 928 -352 ) 
4 224 230 (200 928 -160 ) (200 928 -352 ) (640 928 -352 ) (640 928 -160 ) 
4 225 231 (992 928 -352 ) (1088 928 -352 ) (1088 544 -352 ) (992 544 -352 ) 
4 225 227 (992 544 -352 ) (1088 544 -352 ) (1088 544 -224 ) (992 544 -224 ) 
4 225 226 (992 928 -352 ) (992 544 -352 ) (992 544 -224 ) (992 928 -224 ) 
4 226 231 (800 544 -352 ) (800 928 -352 ) (992 928 -352 ) (992 544 -352 ) 
4 226 229 (800 672 -352 ) (800 544 -352 ) (800 544 -224 ) (800 672 -224 ) 
4 226 228 (800 928 -352 ) (800 672 -352 ) (800 672 -160 ) (800 928 -160 ) 
4 226 227 (800 544 -352 ) (992 544 -352 ) (992 544 -192 ) (800 544 -192 ) 
4 227 472 (1088 512 -352 ) (1088 512 -192 ) (800 512 -192 ) (800 512 -352 ) 
4 227 231 (1088 512 -352 ) (800 512 -352 ) (800 544 -352 ) (1088 544 -352 ) 
4 227 229 (800 544 -352 ) (800 512 -352 ) (800 512 -224 ) (800 544 -224 ) 
4 228 231 (768 672 -352 ) (768 928 -352 ) (800 928 -352 ) (800 672 -352 ) 
4 228 229 (768 672 -224 ) (768 672 -352 ) (800 672 -352 ) (800 672 -224 ) 
4 228 230 (768 928 -160 ) (768 928 -352 ) (768 672 -352 ) (768 672 -160 ) 
4 229 473 (768 512 -224 ) (768 512 -352 ) (800 512 -352 ) (800 512 -224 ) 
4 229 231 (800 512 -352 ) (768 512 -352 ) (768 672 -352 ) (800 672 -352 ) 
4 229 230 (768 672 -352 ) (768 512 -352 ) (768 512 -224 ) (768 672 -224 ) 
4 230 599 (200 512 -172 ) (200 512 -352 ) (224 512 -352 ) (224 512 -172 ) 
4 230 585 (224 512 -160 ) (200 512 -160 ) (200 512 -172 ) (224 512 -172 ) 
4 230 479 (224 512 -192 ) (224 512 -320 ) (640 512 -320 ) (640 512 -192 ) 
4 230 493 (224 512 -320 ) (224 512 -352 ) (640 512 -352 ) (640 512 -320 ) 
4 230 478 (640 512 -352 ) (768 512 -352 ) (768 512 -192 ) (640 512 -192 ) 
4 230 452 (256 512 -160 ) (224 512 -160 ) (224 512 -192 ) (256 512 -192 ) 
4 230 451 (768 512 -160 ) (256 512 -160 ) (256 512 -192 ) (768 512 -192 ) 
4 230 346 (200 512 -352 ) (200 512 -160 ) (200 928 -160 ) (200 928 -352 ) 
4 230 231 (768 512 -352 ) (200 512 -352 ) (200 928 -352 ) (768 928 -352 ) 
4 231 609 (224 512 -352 ) (200 512 -352 ) (200 512 -640 ) (224 512 -640 ) 
4 231 493 (640 512 -352 ) (224 512 -352 ) (224 512 -640 ) (640 512 -640 ) 
4 231 478 (768 512 -352 ) (640 512 -352 ) (640 512 -640 ) (768 512 -640 ) 
4 231 473 (800 512 -352 ) (768 512 -352 ) (768 512 -640 ) (800 512 -640 ) 
4 231 472 (1088 512 -640 ) (1088 512 -352 ) (800 512 -352 ) (800 512 -640 ) 
4 231 355 (200 512 -640 ) (200 512 -352 ) (200 1376 -352 ) (200 1376 -640 ) 
4 231 316 (200 1376 -352 ) (200 1504 -352 ) (200 1504 -640 ) (200 1376 -640 ) 
4 232 610 (224 512 -640 ) (200 512 -640 ) (200 512 -768 ) (224 512 -768 ) 
4 232 495 (768 512 -640 ) (224 512 -640 ) (224 512 -768 ) (768 512 -768 ) 
4 232 477 (1088 512 -768 ) (1088 512 -640 ) (768 512 -640 ) (768 512 -768 ) 
4 232 356 (200 512 -768 ) (200 512 -640 ) (200 1376 -640 ) (200 1376 -768 ) 
4 232 317 (200 1376 -640 ) (200 1504 -640 ) (200 1504 -768 ) (200 1376 -768 ) 
4 233 252 (-864 2432 1728 ) (-864 2432 1600 ) (-864 1888 1600 ) (-864 1888 1728 ) 
4 233 236 (-864 1888 1728 ) (-864 1888 1600 ) (200 1888 1600 ) (200 1888 1728 ) 
4 233 234 (-864 2176 1600 ) (-864 2304 1600 ) (200 2304 1600 ) (200 2176 1600 ) 
4 234 253 (-864 2304 1152 ) (-864 2176 1152 ) (-864 2176 1600 ) (-864 2304 1600 ) 
4 234 239 (-864 2176 1152 ) (-864 2304 1152 ) (200 2304 1152 ) (200 2176 1152 ) 
4 235 254 (-864 2176 1152 ) (-864 1888 1152 ) (-864 1888 1600 ) (-864 2176 1600 ) 
4 235 240 (-864 1888 1152 ) (-864 2176 1152 ) (200 2176 1152 ) (200 1888 1152 ) 
4 235 237 (-864 1888 1600 ) (-864 1888 1184 ) (200 1888 1184 ) (200 1888 1600 ) 
4 236 293 (-744 1376 1728 ) (-864 1376 1728 ) (-864 1376 1600 ) (-744 1376 1600 ) 
4 236 281 (200 1376 1600 ) (200 1376 1728 ) (-744 1376 1728 ) (-744 1376 1600 ) 
4 236 258 (-864 1376 1600 ) (-864 1376 1728 ) (-864 1888 1728 ) (-864 1888 1600 ) 
4 237 294 (-744 1376 1600 ) (-864 1376 1600 ) (-864 1376 1184 ) (-744 1376 1184 ) 
4 237 282 (200 1376 1184 ) (200 1376 1600 ) (-744 1376 1600 ) (-744 1376 1184 ) 
4 237 259 (-864 1376 1184 ) (-864 1376 1600 ) (-864 1888 1600 ) (-864 1888 1184 ) 
4 238 295 (-744 1376 1184 ) (-864 1376 1184 ) (-864 1376 1152 ) (-744 1376 1152 ) 
4 238 283 (200 1376 1152 ) (200 1376 1184 ) (-744 1376 1184 ) (-744 1376 1152 ) 
4 238 263 (-864 1376 1152 ) (-864 1376 1184 ) (-864 1632 1184 ) (-864 1632 1152 ) 
4 238 260 (-864 1664 1184 ) (-864 1888 1184 ) (-864 1888 1152 ) (-864 1664 1152 ) 
4 238 262 (-864 1632 1184 ) (-864 1664 1184 ) (-864 1664 1152 ) (-864 1632 1152 ) 
4 238 249 (-864 1632 1152 ) (-864 1664 1152 ) (-288 1664 1152 ) (-288 1632 1152 ) 
4 238 241 (-256 1824 1152 ) (200 1824 1152 ) (200 1792 1152 ) (-256 1792 1152 ) 
4 238 244 (-288 1632 1152 ) (-288 1824 1152 ) (-256 1824 1152 ) (-256 1632 1152 ) 
4 239 311 (200 2304 480 ) (200 2176 480 ) (-864 2176 480 ) (-864 2304 480 ) 
4 239 269 (-864 2304 480 ) (-864 2176 480 ) (-864 2176 1136 ) (-864 2304 1136 ) 
4 239 253 (-864 2176 1136 ) (-864 2176 1152 ) (-864 2304 1152 ) (-864 2304 1136 ) 
4 240 312 (200 2176 480 ) (200 1824 480 ) (-864 1824 480 ) (-864 2176 480 ) 
4 240 272 (-864 2176 480 ) (-864 1824 480 ) (-864 1824 1136 ) (-864 2176 1136 ) 
4 240 261 (-864 1824 1136 ) (-864 1824 1152 ) (-864 1888 1152 ) (-864 1888 1136 ) 
4 240 254 (-864 1888 1152 ) (-864 2176 1152 ) (-864 2176 1136 ) (-864 1888 1136 ) 
4 240 251 (-864 1824 928 ) (-864 1824 480 ) (-288 1824 480 ) (-288 1824 928 ) 
4 240 248 (-288 1824 1152 ) (-864 1824 1152 ) (-864 1824 928 ) (-288 1824 928 ) 
4 240 246 (-256 1824 480 ) (200 1824 480 ) (200 1824 928 ) (-256 1824 928 ) 
4 240 247 (-288 1824 928 ) (-288 1824 480 ) (-256 1824 480 ) (-256 1824 928 ) 
4 241 243 (-256 1792 960 ) (-256 1824 960 ) (200 1824 960 ) (200 1792 960 ) 
4 241 244 (-256 1792 1152 ) (-256 1824 1152 ) (-256 1824 960 ) (-256 1792 960 ) 
4 242 245 (200 1632 960 ) (200 1632 1152 ) (-256 1632 1152 ) (-256 1632 960 ) 
4 243 244 (-256 1824 928 ) (-256 1792 928 ) (-256 1792 960 ) (-256 1824 960 ) 
4 244 249 (-288 1664 928 ) (-288 1632 928 ) (-288 1632 1152 ) (-288 1664 1152 ) 
4 245 291 (-256 1376 1152 ) (-288 1376 1152 ) (-288 1376 960 ) (-256 1376 960 ) 
4 245 284 (200 1376 960 ) (200 1376 1152 ) (-256 1376 1152 ) (-256 1376 960 ) 
4 245 250 (-288 1376 960 ) (-288 1376 1152 ) (-288 1632 1152 ) (-288 1632 960 ) 
4 246 312 (200 1824 480 ) (200 1792 480 ) (-256 1792 480 ) (-256 1824 480 ) 
4 246 247 (-256 1824 928 ) (-256 1824 480 ) (-256 1792 480 ) (-256 1792 928 ) 
4 247 313 (-256 1632 480 ) (-288 1632 480 ) (-288 1792 480 ) (-256 1792 480 ) 
4 247 312 (-288 1792 480 ) (-288 1824 480 ) (-256 1824 480 ) (-256 1792 480 ) 
4 247 251 (-288 1824 928 ) (-288 1824 480 ) (-288 1632 480 ) (-288 1632 928 ) 
4 248 272 (-864 1824 1136 ) (-864 1824 928 ) (-864 1664 928 ) (-864 1664 1136 ) 
4 248 261 (-864 1664 1152 ) (-864 1824 1152 ) (-864 1824 1136 ) (-864 1664 1136 ) 
4 248 251 (-288 1824 928 ) (-288 1664 928 ) (-864 1664 928 ) (-864 1824 928 ) 
4 249 274 (-864 1664 1136 ) (-864 1664 928 ) (-864 1632 928 ) (-864 1632 1136 ) 
4 249 262 (-864 1632 1152 ) (-864 1664 1152 ) (-864 1664 1136 ) (-864 1632 1136 ) 
4 250 299 (-864 1376 1136 ) (-864 1376 960 ) (-744 1376 960 ) (-744 1376 1136 ) 
4 250 296 (-744 1376 1152 ) (-864 1376 1152 ) (-864 1376 1136 ) (-744 1376 1136 ) 
4 250 291 (-288 1376 960 ) (-288 1376 1152 ) (-744 1376 1152 ) (-744 1376 960 ) 
4 250 277 (-864 1376 960 ) (-864 1376 1136 ) (-864 1632 1136 ) (-864 1632 960 ) 
4 250 264 (-864 1376 1136 ) (-864 1376 1152 ) (-864 1632 1152 ) (-864 1632 1136 ) 
4 251 313 (-864 1632 480 ) (-864 1792 480 ) (-288 1792 480 ) (-288 1632 480 ) 
4 251 312 (-864 1792 480 ) (-864 1824 480 ) (-288 1824 480 ) (-288 1792 480 ) 
4 251 275 (-864 1664 480 ) (-864 1632 480 ) (-864 1632 928 ) (-864 1664 928 ) 
4 251 272 (-864 1824 480 ) (-864 1664 480 ) (-864 1664 928 ) (-864 1824 928 ) 
4 252 258 (-864 1888 1600 ) (-864 1888 1728 ) (-1472 1888 1728 ) (-1472 1888 1600 ) 
4 252 257 (-1280 1888 1600 ) (-1408 1888 1600 ) (-1408 2176 1600 ) (-1280 2176 1600 ) 
4 252 256 (-1440 2304 1600 ) (-1280 2304 1600 ) (-1280 2176 1600 ) (-1440 2176 1600 ) 
4 252 255 (-1280 2336 1600 ) (-1280 2304 1600 ) (-1408 2304 1600 ) (-1408 2336 1600 ) 
4 252 253 (-864 2304 1600 ) (-864 2176 1600 ) (-1280 2176 1600 ) (-1280 2304 1600 ) 
4 253 269 (-864 2304 1136 ) (-864 2176 1136 ) (-1280 2176 1136 ) (-1280 2304 1136 ) 
4 253 256 (-1280 2176 1600 ) (-1280 2304 1600 ) (-1280 2304 1136 ) (-1280 2176 1136 ) 
4 254 272 (-864 2176 1136 ) (-864 1888 1136 ) (-1280 1888 1136 ) (-1280 2176 1136 ) 
4 254 267 (-1120 1888 1600 ) (-1280 1888 1600 ) (-1280 1888 1136 ) (-1120 1888 1136 ) 
4 254 266 (-1120 1888 1152 ) (-1120 1888 1136 ) (-896 1888 1136 ) (-896 1888 1152 ) 
4 254 261 (-864 1888 1136 ) (-864 1888 1152 ) (-896 1888 1152 ) (-896 1888 1136 ) 
4 254 259 (-864 1888 1184 ) (-864 1888 1600 ) (-1120 1888 1600 ) (-1120 1888 1184 ) 
4 255 270 (-1280 2336 1136 ) (-1280 2304 1136 ) (-1408 2304 1136 ) (-1408 2336 1136 ) 
4 255 256 (-1280 2304 1600 ) (-1408 2304 1600 ) (-1408 2304 1136 ) (-1280 2304 1136 ) 
4 256 271 (-1440 2304 1136 ) (-1280 2304 1136 ) (-1280 2176 1136 ) (-1440 2176 1136 ) 
4 256 257 (-1408 2176 1136 ) (-1280 2176 1136 ) (-1280 2176 1600 ) (-1408 2176 1600 ) 
4 257 273 (-1280 1888 1136 ) (-1408 1888 1136 ) (-1408 2176 1136 ) (-1280 2176 1136 ) 
4 257 268 (-1280 1888 1600 ) (-1408 1888 1600 ) (-1408 1888 1136 ) (-1280 1888 1136 ) 
4 258 293 (-1472 1376 1600 ) (-864 1376 1600 ) (-864 1376 1728 ) (-1472 1376 1728 ) 
4 258 268 (-1408 1888 1600 ) (-1280 1888 1600 ) (-1280 1376 1600 ) (-1408 1376 1600 ) 
4 259 294 (-864 1376 1184 ) (-864 1376 1600 ) (-1120 1376 1600 ) (-1120 1376 1184 ) 
4 259 267 (-1120 1376 1184 ) (-1120 1376 1600 ) (-1120 1888 1600 ) (-1120 1888 1184 ) 
4 260 265 (-896 1888 1184 ) (-896 1888 1152 ) (-896 1664 1152 ) (-896 1664 1184 ) 
4 260 262 (-896 1664 1184 ) (-896 1664 1152 ) (-864 1664 1152 ) (-864 1664 1184 ) 
4 261 272 (-864 1888 1136 ) (-864 1664 1136 ) (-896 1664 1136 ) (-896 1888 1136 ) 
4 261 266 (-896 1888 1152 ) (-896 1888 1136 ) (-896 1664 1136 ) (-896 1664 1152 ) 
4 262 274 (-864 1664 1136 ) (-864 1632 1136 ) (-896 1632 1136 ) (-896 1664 1136 ) 
4 262 265 (-896 1632 1152 ) (-896 1632 1184 ) (-896 1664 1184 ) (-896 1664 1152 ) 
4 262 263 (-864 1632 1152 ) (-864 1632 1184 ) (-896 1632 1184 ) (-896 1632 1152 ) 
4 263 295 (-864 1376 1152 ) (-864 1376 1184 ) (-896 1376 1184 ) (-896 1376 1152 ) 
4 263 265 (-896 1376 1152 ) (-896 1376 1184 ) (-896 1632 1184 ) (-896 1632 1152 ) 
4 264 296 (-896 1376 1136 ) (-864 1376 1136 ) (-864 1376 1152 ) (-896 1376 1152 ) 
4 264 277 (-864 1632 1136 ) (-864 1376 1136 ) (-896 1376 1136 ) (-896 1632 1136 ) 
4 264 266 (-896 1632 1136 ) (-896 1376 1136 ) (-896 1376 1152 ) (-896 1632 1152 ) 
4 265 295 (-896 1376 1152 ) (-896 1376 1184 ) (-1120 1376 1184 ) (-1120 1376 1152 ) 
4 266 296 (-1120 1376 1136 ) (-896 1376 1136 ) (-896 1376 1152 ) (-1120 1376 1152 ) 
4 266 279 (-928 1376 1136 ) (-1120 1376 1136 ) (-1120 1664 1136 ) (-928 1664 1136 ) 
4 266 272 (-1120 1664 1136 ) (-1120 1888 1136 ) (-896 1888 1136 ) (-896 1664 1136 ) 
4 266 267 (-1120 1888 1136 ) (-1120 1376 1136 ) (-1120 1376 1152 ) (-1120 1888 1152 ) 
4 267 297 (-1280 1376 1136 ) (-1120 1376 1136 ) (-1120 1376 1600 ) (-1280 1376 1600 ) 
4 267 279 (-1120 1376 1136 ) (-1280 1376 1136 ) (-1280 1664 1136 ) (-1120 1664 1136 ) 
4 267 272 (-1280 1664 1136 ) (-1280 1888 1136 ) (-1120 1888 1136 ) (-1120 1664 1136 ) 
4 268 298 (-1408 1376 1136 ) (-1280 1376 1136 ) (-1280 1376 1600 ) (-1408 1376 1600 ) 
4 268 280 (-1280 1376 1136 ) (-1408 1376 1136 ) (-1408 1664 1136 ) (-1280 1664 1136 ) 
4 268 273 (-1408 1664 1136 ) (-1408 1888 1136 ) (-1280 1888 1136 ) (-1280 1664 1136 ) 
4 269 318 (-864 2304 480 ) (-864 2176 480 ) (-1280 2176 480 ) (-1280 2304 480 ) 
4 269 271 (-1280 2304 480 ) (-1280 2176 480 ) (-1280 2176 1136 ) (-1280 2304 1136 ) 
4 270 319 (-1280 2336 480 ) (-1280 2304 480 ) (-1408 2304 480 ) (-1408 2336 480 ) 
4 270 271 (-1408 2304 480 ) (-1280 2304 480 ) (-1280 2304 1136 ) (-1408 2304 1136 ) 
4 271 320 (-1440 2304 480 ) (-1280 2304 480 ) (-1280 2176 480 ) (-1440 2176 480 ) 
4 271 273 (-1408 2176 480 ) (-1280 2176 480 ) (-1280 2176 1136 ) (-1408 2176 1136 ) 
4 272 321 (-1280 2176 480 ) (-864 2176 480 ) (-864 1664 480 ) (-1280 1664 480 ) 
4 272 275 (-896 1664 480 ) (-864 1664 480 ) (-864 1664 928 ) (-896 1664 928 ) 
4 272 279 (-1280 1664 480 ) (-928 1664 480 ) (-928 1664 1136 ) (-1280 1664 1136 ) 
4 273 322 (-1408 2176 480 ) (-1280 2176 480 ) (-1280 1664 480 ) (-1408 1664 480 ) 
4 273 280 (-1408 1664 480 ) (-1280 1664 480 ) (-1280 1664 1136 ) (-1408 1664 1136 ) 
4 274 278 (-896 1632 1136 ) (-928 1632 1136 ) (-928 1632 928 ) (-896 1632 928 ) 
4 274 276 (-896 1632 928 ) (-928 1632 928 ) (-928 1664 928 ) (-896 1664 928 ) 
4 275 323 (-896 1664 480 ) (-864 1664 480 ) (-864 1632 480 ) (-896 1632 480 ) 
4 275 277 (-896 1632 480 ) (-864 1632 480 ) (-864 1632 928 ) (-896 1632 928 ) 
4 276 324 (-928 1632 480 ) (-928 1664 480 ) (-896 1664 480 ) (-896 1632 480 ) 
4 276 278 (-928 1632 480 ) (-896 1632 480 ) (-896 1632 928 ) (-928 1632 928 ) 
4 277 323 (-864 1376 480 ) (-896 1376 480 ) (-896 1632 480 ) (-864 1632 480 ) 
4 277 302 (-896 1376 480 ) (-864 1376 480 ) (-864 1376 928 ) (-896 1376 928 ) 
4 277 299 (-864 1376 960 ) (-864 1376 1136 ) (-896 1376 1136 ) (-896 1376 960 ) 
4 278 324 (-896 1376 480 ) (-928 1376 480 ) (-928 1632 480 ) (-896 1632 480 ) 
4 278 303 (-928 1376 480 ) (-896 1376 480 ) (-896 1376 928 ) (-928 1376 928 ) 
4 278 301 (-896 1376 928 ) (-896 1376 960 ) (-928 1376 960 ) (-928 1376 928 ) 
4 278 300 (-896 1376 960 ) (-896 1376 1136 ) (-928 1376 1136 ) (-928 1376 960 ) 
4 279 325 (-928 1376 480 ) (-1280 1376 480 ) (-1280 1664 480 ) (-928 1664 480 ) 
4 279 309 (-1280 1376 480 ) (-928 1376 480 ) (-928 1376 1136 ) (-1280 1376 1136 ) 
4 280 326 (-1280 1376 480 ) (-1408 1376 480 ) (-1408 1664 480 ) (-1280 1664 480 ) 
4 280 310 (-1408 1376 480 ) (-1280 1376 480 ) (-1280 1376 1136 ) (-1408 1376 1136 ) 
4 281 516 (-448 512 1728 ) (-744 512 1728 ) (-744 512 1600 ) (-448 512 1600 ) 
4 281 507 (200 512 1600 ) (200 512 1728 ) (-448 512 1728 ) (-448 512 1600 ) 
4 281 293 (-744 1376 1728 ) (-744 1376 1600 ) (-744 512 1600 ) (-744 512 1728 ) 
4 282 517 (-448 512 1600 ) (-744 512 1600 ) (-744 512 1184 ) (-448 512 1184 ) 
4 282 508 (200 512 1184 ) (200 512 1600 ) (-448 512 1600 ) (-448 512 1184 ) 
4 282 294 (-744 1376 1600 ) (-744 1376 1184 ) (-744 512 1184 ) (-744 512 1600 ) 
4 283 518 (-448 512 1184 ) (-744 512 1184 ) (-744 512 1152 ) (-448 512 1152 ) 
4 283 509 (200 512 1152 ) (200 512 1184 ) (-448 512 1184 ) (-448 512 1152 ) 
4 283 295 (-744 1376 1184 ) (-744 1376 1152 ) (-744 512 1152 ) (-744 512 1184 ) 
4 284 291 (-256 1088 1152 ) (-256 1376 1152 ) (-256 1376 960 ) (-256 1088 960 ) 
4 284 286 (200 1248 640 ) (200 1216 640 ) (192 1216 640 ) (192 1248 640 ) 
4 284 285 (192 1376 640 ) (200 1376 640 ) (200 1248 640 ) (192 1248 640 ) 
4 284 289 (-256 1088 640 ) (-256 1376 640 ) (192 1376 640 ) (192 1088 640 ) 
4 284 290 (200 1088 640 ) (200 1088 1152 ) (-256 1088 1152 ) (-256 1088 640 ) 
4 285 286 (200 1248 512 ) (200 1248 640 ) (192 1248 640 ) (192 1248 512 ) 
4 285 289 (192 1376 640 ) (192 1376 480 ) (192 1248 480 ) (192 1248 640 ) 
4 286 289 (192 1216 640 ) (192 1248 640 ) (192 1248 512 ) (192 1216 512 ) 
4 287 288 (192 1120 576 ) (192 1120 512 ) (200 1120 512 ) (200 1120 576 ) 
4 287 289 (192 1120 512 ) (192 1120 576 ) (192 1184 576 ) (192 1184 512 ) 
4 288 335 (200 1120 480 ) (200 1088 480 ) (192 1088 480 ) (192 1120 480 ) 
4 288 290 (192 1088 480 ) (200 1088 480 ) (200 1088 576 ) (192 1088 576 ) 
4 288 289 (192 1120 480 ) (192 1088 480 ) (192 1088 576 ) (192 1120 576 ) 
4 289 334 (-256 1120 480 ) (-256 1376 480 ) (192 1376 480 ) (192 1120 480 ) 
4 289 335 (192 1088 480 ) (-256 1088 480 ) (-256 1120 480 ) (192 1120 480 ) 
4 289 290 (-256 1088 480 ) (192 1088 480 ) (192 1088 640 ) (-256 1088 640 ) 
4 290 510 (200 512 480 ) (200 512 1152 ) (-256 512 1152 ) (-256 512 480 ) 
4 290 342 (200 960 480 ) (200 512 480 ) (-256 512 480 ) (-256 960 480 ) 
4 290 335 (200 1088 480 ) (200 960 480 ) (-256 960 480 ) (-256 1088 480 ) 
4 290 291 (-256 1024 1152 ) (-256 1088 1152 ) (-256 1088 960 ) (-256 1024 960 ) 
4 290 292 (-256 512 1152 ) (-256 1024 1152 ) (-256 1024 480 ) (-256 512 480 ) 
4 291 299 (-744 1376 1136 ) (-744 1376 960 ) (-744 1024 960 ) (-744 1024 1136 ) 
4 291 296 (-744 1376 1152 ) (-744 1376 1136 ) (-744 1024 1136 ) (-744 1024 1152 ) 
4 291 292 (-744 1024 1152 ) (-744 1024 960 ) (-256 1024 960 ) (-256 1024 1152 ) 
4 292 527 (-744 512 1136 ) (-744 512 480 ) (-448 512 480 ) (-448 512 1136 ) 
4 292 519 (-448 512 1152 ) (-744 512 1152 ) (-744 512 1136 ) (-448 512 1136 ) 
4 292 510 (-256 512 1152 ) (-448 512 1152 ) (-448 512 480 ) (-256 512 480 ) 
4 292 344 (-256 512 480 ) (-744 512 480 ) (-744 1024 480 ) (-256 1024 480 ) 
4 292 305 (-744 1024 480 ) (-744 1016 480 ) (-744 1016 954 ) (-744 1024 954 ) 
4 292 307 (-744 948 480 ) (-744 512 480 ) (-744 512 954 ) (-744 948 954 ) 
4 292 304 (-744 512 954 ) (-744 512 1136 ) (-744 1024 1136 ) (-744 1024 954 ) 
4 292 296 (-744 512 1136 ) (-744 512 1152 ) (-744 1024 1152 ) (-744 1024 1136 ) 
4 293 521 (-1472 512 1728 ) (-1472 512 1600 ) (-928 512 1600 ) (-928 512 1728 ) 
4 293 516 (-928 512 1600 ) (-744 512 1600 ) (-744 512 1728 ) (-928 512 1728 ) 
4 293 298 (-1280 512 1600 ) (-1408 512 1600 ) (-1408 1376 1600 ) (-1280 1376 1600 ) 
4 294 522 (-928 512 1600 ) (-1120 512 1600 ) (-1120 512 1184 ) (-928 512 1184 ) 
4 294 517 (-744 512 1184 ) (-744 512 1600 ) (-928 512 1600 ) (-928 512 1184 ) 
4 294 297 (-1120 512 1184 ) (-1120 512 1600 ) (-1120 1376 1600 ) (-1120 1376 1184 ) 
4 295 523 (-928 512 1184 ) (-1120 512 1184 ) (-1120 512 1152 ) (-928 512 1152 ) 
4 295 518 (-744 512 1152 ) (-744 512 1184 ) (-928 512 1184 ) (-928 512 1152 ) 
4 296 524 (-1120 512 1136 ) (-928 512 1136 ) (-928 512 1152 ) (-1120 512 1152 ) 
4 296 519 (-928 512 1136 ) (-744 512 1136 ) (-744 512 1152 ) (-928 512 1152 ) 
4 296 304 (-744 1024 1136 ) (-744 512 1136 ) (-896 512 1136 ) (-896 1024 1136 ) 
4 296 299 (-744 1376 1136 ) (-744 1024 1136 ) (-896 1024 1136 ) (-896 1376 1136 ) 
4 296 309 (-928 512 1136 ) (-1120 512 1136 ) (-1120 1376 1136 ) (-928 1376 1136 ) 
4 296 297 (-1120 512 1136 ) (-1120 512 1152 ) (-1120 1376 1152 ) (-1120 1376 1136 ) 
4 297 525 (-1280 512 1136 ) (-1120 512 1136 ) (-1120 512 1184 ) (-1280 512 1184 ) 
4 297 522 (-1120 512 1184 ) (-1120 512 1600 ) (-1280 512 1600 ) (-1280 512 1184 ) 
4 297 309 (-1120 512 1136 ) (-1280 512 1136 ) (-1280 1376 1136 ) (-1120 1376 1136 ) 
4 298 526 (-1408 512 1136 ) (-1280 512 1136 ) (-1280 512 1600 ) (-1408 512 1600 ) 
4 298 310 (-1280 512 1136 ) (-1408 512 1136 ) (-1408 1376 1136 ) (-1280 1376 1136 ) 
4 299 304 (-744 1024 960 ) (-744 1024 1136 ) (-896 1024 1136 ) (-896 1024 960 ) 
4 300 308 (-896 1024 1136 ) (-928 1024 1136 ) (-928 1024 960 ) (-896 1024 960 ) 
4 300 301 (-896 1024 960 ) (-928 1024 960 ) (-928 1376 960 ) (-896 1376 960 ) 
4 301 308 (-896 1024 960 ) (-928 1024 960 ) (-928 1024 928 ) (-896 1024 928 ) 
4 301 303 (-896 1024 928 ) (-928 1024 928 ) (-928 1376 928 ) (-896 1376 928 ) 
4 302 357 (-896 1376 480 ) (-864 1376 480 ) (-864 1024 480 ) (-896 1024 480 ) 
4 302 306 (-896 1024 480 ) (-864 1024 480 ) (-864 1024 928 ) (-896 1024 928 ) 
4 303 362 (-928 1024 480 ) (-928 1376 480 ) (-896 1376 480 ) (-896 1024 480 ) 
4 303 308 (-928 1024 480 ) (-896 1024 480 ) (-896 1024 928 ) (-928 1024 928 ) 
4 304 527 (-744 512 954 ) (-744 512 1136 ) (-896 512 1136 ) (-896 512 954 ) 
4 304 305 (-744 1024 954 ) (-744 1016 954 ) (-760 1016 954 ) (-760 1024 954 ) 
4 304 306 (-760 948 954 ) (-896 948 954 ) (-896 1024 954 ) (-760 1024 954 ) 
4 304 307 (-744 948 954 ) (-744 512 954 ) (-896 512 954 ) (-896 948 954 ) 
4 305 358 (-760 1024 480 ) (-744 1024 480 ) (-744 1016 480 ) (-760 1016 480 ) 
4 305 306 (-760 1024 480 ) (-760 1016 480 ) (-760 1016 954 ) (-760 1024 954 ) 
4 306 360 (-896 948 480 ) (-896 1024 480 ) (-760 1024 480 ) (-760 948 480 ) 
4 306 307 (-896 948 954 ) (-896 948 480 ) (-760 948 480 ) (-760 948 954 ) 
4 307 527 (-896 512 480 ) (-744 512 480 ) (-744 512 954 ) (-896 512 954 ) 
4 307 360 (-760 512 480 ) (-896 512 480 ) (-896 948 480 ) (-760 948 480 ) 
4 307 359 (-744 512 480 ) (-760 512 480 ) (-760 948 480 ) (-744 948 480 ) 
4 308 528 (-928 512 480 ) (-896 512 480 ) (-896 512 1136 ) (-928 512 1136 ) 
4 308 362 (-896 512 480 ) (-928 512 480 ) (-928 1024 480 ) (-896 1024 480 ) 
4 309 530 (-1280 512 480 ) (-928 512 480 ) (-928 512 1136 ) (-1280 512 1136 ) 
4 309 364 (-928 512 480 ) (-1280 512 480 ) (-1280 1376 480 ) (-928 1376 480 ) 
4 310 531 (-1408 512 480 ) (-1280 512 480 ) (-1280 512 1136 ) (-1408 512 1136 ) 
4 310 365 (-1280 512 480 ) (-1408 512 480 ) (-1408 1376 480 ) (-1280 1376 480 ) 
4 311 327 (-864 2304 -160 ) (-864 2176 -160 ) (-864 2176 192 ) (-864 2304 192 ) 
4 311 318 (-864 2176 192 ) (-864 2176 480 ) (-864 2304 480 ) (-864 2304 192 ) 
4 311 314 (-864 2176 -160 ) (-864 2304 -160 ) (200 2304 -160 ) (200 2176 -160 ) 
4 312 331 (-864 2176 -160 ) (-864 1792 -160 ) (-864 1792 192 ) (-864 2176 192 ) 
4 312 321 (-864 1792 192 ) (-864 1792 480 ) (-864 2176 480 ) (-864 2176 192 ) 
4 312 316 (-864 1792 -160 ) (-864 2176 -160 ) (200 2176 -160 ) (200 1792 -160 ) 
4 312 313 (-864 1792 480 ) (-864 1792 -160 ) (-256 1792 -160 ) (-256 1792 480 ) 
4 313 331 (-864 1792 -160 ) (-864 1632 -160 ) (-864 1632 192 ) (-864 1792 192 ) 
4 313 323 (-864 1632 192 ) (-864 1632 480 ) (-864 1664 480 ) (-864 1664 192 ) 
4 313 321 (-864 1664 480 ) (-864 1792 480 ) (-864 1792 192 ) (-864 1664 192 ) 
4 313 316 (-864 1632 -160 ) (-864 1792 -160 ) (-256 1792 -160 ) (-256 1632 -160 ) 
4 314 327 (-864 2304 -640 ) (-864 2176 -640 ) (-864 2176 -160 ) (-864 2304 -160 ) 
4 314 315 (-864 2176 -640 ) (-864 2304 -640 ) (200 2304 -640 ) (200 2176 -640 ) 
4 315 330 (-864 2176 -768 ) (-864 2176 -640 ) (-864 2432 -640 ) (-864 2432 -768 ) 
4 315 317 (200 2176 -768 ) (200 2176 -640 ) (-864 2176 -640 ) (-864 2176 -768 ) 
4 316 366 (-864 1376 -160 ) (-864 1376 -640 ) (-744 1376 -640 ) (-744 1376 -160 ) 
4 316 355 (-744 1376 -640 ) (200 1376 -640 ) (200 1376 -352 ) (-744 1376 -352 ) 
4 316 345 (200 1376 -352 ) (200 1376 -160 ) (-160 1376 -160 ) (-160 1376 -352 ) 
4 316 354 (-160 1376 -160 ) (-744 1376 -160 ) (-744 1376 -352 ) (-160 1376 -352 ) 
4 316 331 (-864 1376 -640 ) (-864 1376 -160 ) (-864 2176 -160 ) (-864 2176 -640 ) 
4 317 368 (-864 1376 -640 ) (-864 1376 -768 ) (-744 1376 -768 ) (-744 1376 -640 ) 
4 317 356 (-744 1376 -768 ) (200 1376 -768 ) (200 1376 -640 ) (-744 1376 -640 ) 
4 317 333 (-864 1376 -768 ) (-864 1376 -640 ) (-864 2176 -640 ) (-864 2176 -768 ) 
4 318 327 (-864 2304 192 ) (-864 2176 192 ) (-1280 2176 192 ) (-1280 2304 192 ) 
4 318 320 (-1280 2304 192 ) (-1280 2176 192 ) (-1280 2176 480 ) (-1280 2304 480 ) 
4 319 328 (-1280 2336 192 ) (-1280 2304 192 ) (-1408 2304 192 ) (-1408 2336 192 ) 
4 319 320 (-1408 2304 192 ) (-1280 2304 192 ) (-1280 2304 480 ) (-1408 2304 480 ) 
4 320 329 (-1280 2176 192 ) (-1440 2176 192 ) (-1440 2304 192 ) (-1280 2304 192 ) 
4 320 322 (-1408 2176 192 ) (-1280 2176 192 ) (-1280 2176 480 ) (-1408 2176 480 ) 
4 321 331 (-864 2176 192 ) (-864 1664 192 ) (-1280 1664 192 ) (-1280 2176 192 ) 
4 321 323 (-896 1664 192 ) (-864 1664 192 ) (-864 1664 480 ) (-896 1664 480 ) 
4 321 325 (-1280 1664 192 ) (-928 1664 192 ) (-928 1664 480 ) (-1280 1664 480 ) 
4 322 332 (-1280 1664 192 ) (-1408 1664 192 ) (-1408 2176 192 ) (-1280 2176 192 ) 
4 322 326 (-1408 1664 192 ) (-1280 1664 192 ) (-1280 1664 480 ) (-1408 1664 480 ) 
4 323 357 (-864 1376 480 ) (-896 1376 480 ) (-896 1376 192 ) (-864 1376 192 ) 
4 323 331 (-864 1664 192 ) (-864 1376 192 ) (-896 1376 192 ) (-896 1664 192 ) 
4 324 362 (-896 1376 480 ) (-928 1376 480 ) (-928 1376 192 ) (-896 1376 192 ) 
4 325 364 (-928 1376 480 ) (-1280 1376 480 ) (-1280 1376 192 ) (-928 1376 192 ) 
4 325 331 (-928 1376 192 ) (-1280 1376 192 ) (-1280 1664 192 ) (-928 1664 192 ) 
4 326 365 (-1280 1376 480 ) (-1408 1376 480 ) (-1408 1376 192 ) (-1280 1376 192 ) 
4 326 332 (-1280 1376 192 ) (-1408 1376 192 ) (-1408 1664 192 ) (-1280 1664 192 ) 
4 327 330 (-864 2304 -640 ) (-864 2176 -640 ) (-1280 2176 -640 ) (-1280 2304 -640 ) 
4 327 329 (-1280 2176 -640 ) (-1280 2176 192 ) (-1280 2304 192 ) (-1280 2304 -640 ) 
4 328 330 (-1280 2336 -640 ) (-1280 2304 -640 ) (-1408 2304 -640 ) (-1408 2336 -640 ) 
4 328 329 (-1408 2304 -640 ) (-1280 2304 -640 ) (-1280 2304 192 ) (-1408 2304 192 ) 
4 329 332 (-1280 2176 192 ) (-1408 2176 192 ) (-1408 2176 -640 ) (-1280 2176 -640 ) 
4 329 330 (-1280 2176 -640 ) (-1440 2176 -640 ) (-1440 2304 -640 ) (-1280 2304 -640 ) 
4 330 333 (-864 2176 -768 ) (-864 2176 -640 ) (-1472 2176 -640 ) (-1472 2176 -768 ) 
4 331 366 (-1280 1376 -640 ) (-864 1376 -640 ) (-864 1376 -160 ) (-1280 1376 -160 ) 
4 331 363 (-896 1376 192 ) (-928 1376 192 ) (-928 1376 -160 ) (-896 1376 -160 ) 
4 331 357 (-864 1376 -160 ) (-864 1376 192 ) (-896 1376 192 ) (-896 1376 -160 ) 
4 331 364 (-928 1376 192 ) (-1280 1376 192 ) (-1280 1376 -160 ) (-928 1376 -160 ) 
4 332 367 (-1408 1376 -640 ) (-1280 1376 -640 ) (-1280 1376 -160 ) (-1408 1376 -160 ) 
4 332 365 (-1280 1376 -160 ) (-1280 1376 192 ) (-1408 1376 192 ) (-1408 1376 -160 ) 
4 332 333 (-1408 2176 -640 ) (-1280 2176 -640 ) (-1280 1376 -640 ) (-1408 1376 -640 ) 
4 333 368 (-864 1376 -768 ) (-864 1376 -640 ) (-1472 1376 -640 ) (-1472 1376 -768 ) 
4 334 335 (-256 1120 480 ) (-256 1120 448 ) (192 1120 448 ) (192 1120 480 ) 
4 334 336 (192 1120 448 ) (-256 1120 448 ) (-256 1376 448 ) (192 1376 448 ) 
4 335 344 (-256 1024 448 ) (-256 960 448 ) (-256 960 480 ) (-256 1024 480 ) 
4 335 342 (200 960 448 ) (200 960 480 ) (-256 960 480 ) (-256 960 448 ) 
4 335 336 (200 1120 448 ) (200 960 448 ) (-256 960 448 ) (-256 1120 448 ) 
4 336 342 (200 960 -96 ) (200 960 448 ) (-256 960 448 ) (-256 960 -96 ) 
4 336 341 (-68 1032 -96 ) (-68 1050 -96 ) (36 1050 -96 ) (36 1032 -96 ) 
4 336 340 (-68 1050 -96 ) (-68 1146 -96 ) (-62 1146 -96 ) (-62 1050 -96 ) 
4 336 338 (34 1146 -96 ) (36 1146 -96 ) (36 1050 -96 ) (34 1050 -96 ) 
4 336 339 (-62 1146 -96 ) (34 1146 -96 ) (34 1050 -96 ) (-62 1050 -96 ) 
4 336 337 (-68 1146 -96 ) (-68 1160 -96 ) (36 1160 -96 ) (36 1146 -96 ) 
4 337 340 (-68 1146 -96 ) (-68 1146 -112 ) (-62 1146 -112 ) (-62 1146 -96 ) 
4 337 338 (34 1146 -112 ) (36 1146 -112 ) (36 1146 -96 ) (34 1146 -96 ) 
4 337 339 (-62 1146 -112 ) (34 1146 -112 ) (34 1146 -96 ) (-62 1146 -96 ) 
4 338 341 (36 1050 -112 ) (36 1050 -96 ) (34 1050 -96 ) (34 1050 -112 ) 
4 338 339 (34 1050 -112 ) (34 1050 -96 ) (34 1146 -96 ) (34 1146 -112 ) 
4 339 349 (-62 1146 -160 ) (34 1146 -160 ) (34 1050 -160 ) (-62 1050 -160 ) 
4 339 341 (34 1050 -112 ) (34 1050 -96 ) (-62 1050 -96 ) (-62 1050 -112 ) 
4 339 340 (-62 1146 -96 ) (-62 1146 -112 ) (-62 1050 -112 ) (-62 1050 -96 ) 
4 340 341 (-62 1050 -112 ) (-62 1050 -96 ) (-68 1050 -96 ) (-68 1050 -112 ) 
4 342 561 (-224 512 448 ) (-256 512 448 ) (-256 512 -96 ) (-224 512 -96 ) 
4 342 560 (200 512 -96 ) (200 512 448 ) (-224 512 448 ) (-224 512 -96 ) 
4 342 510 (200 512 448 ) (200 512 480 ) (-256 512 480 ) (-256 512 448 ) 
4 342 344 (-256 512 448 ) (-256 512 480 ) (-256 960 480 ) (-256 960 448 ) 
4 343 586 (96 512 -112 ) (-160 512 -112 ) (-160 512 -160 ) (96 512 -160 ) 
4 343 587 (-160 512 -112 ) (-256 512 -112 ) (-256 512 -160 ) (-160 512 -160 ) 
4 343 585 (200 512 -160 ) (200 512 -112 ) (96 512 -112 ) (96 512 -160 ) 
4 343 346 (200 960 -160 ) (200 512 -160 ) (96 512 -160 ) (96 960 -160 ) 
4 343 354 (-160 512 -160 ) (-256 512 -160 ) (-256 960 -160 ) (-160 960 -160 ) 
4 344 527 (-448 512 480 ) (-744 512 480 ) (-744 512 448 ) (-448 512 448 ) 
4 344 510 (-256 512 480 ) (-448 512 480 ) (-448 512 448 ) (-256 512 448 ) 
4 344 359 (-744 512 448 ) (-744 512 480 ) (-744 948 480 ) (-744 948 448 ) 
4 344 358 (-744 1016 480 ) (-744 1024 480 ) (-744 1024 448 ) (-744 1016 448 ) 
4 345 355 (-160 1376 -352 ) (200 1376 -352 ) (200 1280 -352 ) (-160 1280 -352 ) 
4 345 346 (96 1280 -352 ) (200 1280 -352 ) (200 1280 -160 ) (96 1280 -160 ) 
4 345 354 (-160 1376 -160 ) (-160 1376 -352 ) (-160 1280 -352 ) (-160 1280 -160 ) 
4 346 599 (200 512 -352 ) (200 512 -172 ) (96 512 -172 ) (96 512 -352 ) 
4 346 585 (200 512 -172 ) (200 512 -160 ) (96 512 -160 ) (96 512 -172 ) 
4 346 355 (200 1280 -352 ) (200 512 -352 ) (96 512 -352 ) (96 1280 -352 ) 
4 347 350 (-128 1160 -260 ) (-68 1160 -260 ) (-68 1160 -172 ) (-128 1160 -172 ) 
4 347 348 (44 1160 -260 ) (64 1160 -260 ) (64 1160 -172 ) (44 1160 -172 ) 
4 347 349 (-68 1160 -260 ) (44 1160 -260 ) (44 1160 -172 ) (-68 1160 -172 ) 
4 348 351 (44 1044 -260 ) (64 1044 -260 ) (64 1044 -172 ) (44 1044 -172 ) 
4 348 349 (44 1160 -260 ) (44 1044 -260 ) (44 1044 -172 ) (44 1160 -172 ) 
4 349 351 (-68 1044 -260 ) (44 1044 -260 ) (44 1044 -172 ) (-68 1044 -172 ) 
4 349 350 (-68 1160 -172 ) (-68 1160 -260 ) (-68 1044 -260 ) (-68 1044 -172 ) 
4 350 351 (-128 1044 -172 ) (-128 1044 -260 ) (-68 1044 -260 ) (-68 1044 -172 ) 
4 351 600 (-128 512 -172 ) (-128 512 -260 ) (64 512 -260 ) (64 512 -172 ) 
4 352 601 (-128 512 -260 ) (-128 512 -288 ) (64 512 -288 ) (64 512 -260 ) 
4 353 602 (-128 512 -288 ) (-128 512 -320 ) (64 512 -320 ) (64 512 -288 ) 
4 354 625 (-744 512 -172 ) (-744 512 -352 ) (-640 512 -352 ) (-640 512 -172 ) 
4 354 616 (-640 512 -160 ) (-744 512 -160 ) (-744 512 -172 ) (-640 512 -172 ) 
4 354 603 (-640 512 -172 ) (-640 512 -352 ) (-160 512 -352 ) (-160 512 -172 ) 
4 354 588 (-256 512 -160 ) (-640 512 -160 ) (-640 512 -172 ) (-256 512 -172 ) 
4 354 587 (-160 512 -160 ) (-256 512 -160 ) (-256 512 -172 ) (-160 512 -172 ) 
4 354 366 (-744 1376 -160 ) (-744 1376 -352 ) (-744 512 -352 ) (-744 512 -160 ) 
4 354 355 (-744 512 -352 ) (-744 1376 -352 ) (-160 1376 -352 ) (-160 512 -352 ) 
4 355 625 (-640 512 -352 ) (-744 512 -352 ) (-744 512 -354 ) (-640 512 -354 ) 
4 355 631 (-744 512 -354 ) (-744 512 -640 ) (-640 512 -640 ) (-640 512 -354 ) 
4 355 609 (200 512 -640 ) (200 512 -352 ) (-640 512 -352 ) (-640 512 -640 ) 
4 355 366 (-744 1376 -352 ) (-744 1376 -640 ) (-744 512 -640 ) (-744 512 -352 ) 
4 356 635 (-640 512 -640 ) (-744 512 -640 ) (-744 512 -768 ) (-640 512 -768 ) 
4 356 610 (200 512 -768 ) (200 512 -640 ) (-640 512 -640 ) (-640 512 -768 ) 
4 356 368 (-744 1376 -640 ) (-744 1376 -768 ) (-744 512 -768 ) (-744 512 -640 ) 
4 357 366 (-864 1024 -160 ) (-896 1024 -160 ) (-896 1376 -160 ) (-864 1376 -160 ) 
4 357 363 (-896 1376 192 ) (-896 1376 -160 ) (-896 1024 -160 ) (-896 1024 192 ) 
4 357 361 (-896 1024 -160 ) (-864 1024 -160 ) (-864 1024 416 ) (-896 1024 416 ) 
4 357 360 (-864 1024 448 ) (-864 1024 480 ) (-896 1024 480 ) (-896 1024 448 ) 
4 358 360 (-760 1016 480 ) (-760 1024 480 ) (-760 1024 448 ) (-760 1016 448 ) 
4 359 527 (-744 512 448 ) (-744 512 480 ) (-760 512 480 ) (-760 512 448 ) 
4 359 360 (-760 512 448 ) (-760 512 480 ) (-760 948 480 ) (-760 948 448 ) 
4 360 527 (-760 512 480 ) (-896 512 480 ) (-896 512 448 ) (-760 512 448 ) 
4 361 366 (-832 576 -160 ) (-896 576 -160 ) (-896 1024 -160 ) (-832 1024 -160 ) 
4 361 363 (-896 1024 -160 ) (-896 576 -160 ) (-896 576 192 ) (-896 1024 192 ) 
4 362 614 (-928 512 448 ) (-928 512 192 ) (-896 512 192 ) (-896 512 448 ) 
4 362 528 (-896 512 480 ) (-928 512 480 ) (-928 512 448 ) (-896 512 448 ) 
4 363 615 (-928 512 192 ) (-928 512 -160 ) (-896 512 -160 ) (-896 512 192 ) 
4 363 366 (-896 512 -160 ) (-928 512 -160 ) (-928 1376 -160 ) (-896 1376 -160 ) 
4 363 364 (-928 1376 -160 ) (-928 512 -160 ) (-928 512 192 ) (-928 1376 192 ) 
4 364 623 (-1280 512 448 ) (-1280 512 -160 ) (-928 512 -160 ) (-928 512 448 ) 
4 364 530 (-928 512 480 ) (-1280 512 480 ) (-1280 512 448 ) (-928 512 448 ) 
4 364 366 (-928 512 -160 ) (-1280 512 -160 ) (-1280 1376 -160 ) (-928 1376 -160 ) 
4 365 624 (-1408 512 448 ) (-1408 512 -160 ) (-1280 512 -160 ) (-1280 512 448 ) 
4 365 531 (-1280 512 480 ) (-1408 512 480 ) (-1408 512 448 ) (-1280 512 448 ) 
4 365 367 (-1280 512 -160 ) (-1408 512 -160 ) (-1408 1376 -160 ) (-1280 1376 -160 ) 
4 366 625 (-744 512 -354 ) (-744 512 -172 ) (-766 512 -172 ) (-766 512 -354 ) 
4 366 631 (-744 512 -640 ) (-744 512 -354 ) (-766 512 -354 ) (-766 512 -640 ) 
4 366 632 (-766 512 -172 ) (-1280 512 -172 ) (-1280 512 -640 ) (-766 512 -640 ) 
4 366 623 (-928 512 -160 ) (-1280 512 -160 ) (-1280 512 -172 ) (-928 512 -172 ) 
4 366 616 (-744 512 -172 ) (-744 512 -160 ) (-928 512 -160 ) (-928 512 -172 ) 
4 367 634 (-1408 512 -172 ) (-1408 512 -640 ) (-1280 512 -640 ) (-1280 512 -172 ) 
4 367 624 (-1280 512 -160 ) (-1408 512 -160 ) (-1408 512 -172 ) (-1280 512 -172 ) 
4 367 368 (-1280 512 -640 ) (-1408 512 -640 ) (-1408 1376 -640 ) (-1280 1376 -640 ) 
4 368 635 (-744 512 -768 ) (-744 512 -640 ) (-1472 512 -640 ) (-1472 512 -768 ) 
4 369 403 (1280 -416 1728 ) (1280 -416 1600 ) (1888 -416 1600 ) (1888 -416 1728 ) 
4 369 376 (1280 -416 1600 ) (1280 -416 1728 ) (1280 512 1728 ) (1280 512 1600 ) 
4 369 370 (1792 -416 1600 ) (1664 -416 1600 ) (1664 512 1600 ) (1792 512 1600 ) 
4 370 404 (1792 -416 1600 ) (1664 -416 1600 ) (1664 -416 768 ) (1792 -416 768 ) 
4 370 372 (1792 -416 768 ) (1664 -416 768 ) (1664 512 768 ) (1792 512 768 ) 
4 371 405 (1664 -416 1600 ) (1280 -416 1600 ) (1280 -416 768 ) (1664 -416 768 ) 
4 371 388 (1280 -416 768 ) (1280 -416 1056 ) (1280 512 1056 ) (1280 512 768 ) 
4 371 379 (1280 -416 1056 ) (1280 -416 1152 ) (1280 512 1152 ) (1280 512 1056 ) 
4 371 377 (1280 -416 1184 ) (1280 -416 1600 ) (1280 512 1600 ) (1280 512 1184 ) 
4 371 373 (1472 512 768 ) (1664 512 768 ) (1664 -288 768 ) (1472 -288 768 ) 
4 371 375 (1664 -416 768 ) (1280 -416 768 ) (1280 -288 768 ) (1664 -288 768 ) 
4 372 496 (1792 -416 416 ) (1664 -416 416 ) (1664 -384 416 ) (1792 -384 416 ) 
4 372 423 (1664 -384 416 ) (1664 512 416 ) (1792 512 416 ) (1792 -384 416 ) 
4 372 404 (1664 -416 416 ) (1792 -416 416 ) (1792 -416 768 ) (1664 -416 768 ) 
4 373 424 (1472 512 416 ) (1664 512 416 ) (1664 -256 416 ) (1472 -256 416 ) 
4 373 430 (1664 -256 416 ) (1664 -288 416 ) (1472 -288 416 ) (1472 -256 416 ) 
4 373 374 (1472 512 416 ) (1472 -288 416 ) (1472 -288 640 ) (1472 512 640 ) 
4 373 375 (1472 -288 416 ) (1664 -288 416 ) (1664 -288 768 ) (1472 -288 768 ) 
4 374 424 (1280 -256 416 ) (1280 512 416 ) (1472 512 416 ) (1472 -256 416 ) 
4 374 430 (1280 -288 416 ) (1280 -256 416 ) (1472 -256 416 ) (1472 -288 416 ) 
4 374 391 (1280 512 416 ) (1280 -288 416 ) (1280 -288 640 ) (1280 512 640 ) 
4 374 375 (1280 -288 640 ) (1280 -288 416 ) (1472 -288 416 ) (1472 -288 640 ) 
4 375 498 (1664 -416 416 ) (1280 -416 416 ) (1280 -384 416 ) (1664 -384 416 ) 
4 375 430 (1280 -384 416 ) (1280 -288 416 ) (1664 -288 416 ) (1664 -384 416 ) 
4 375 405 (1280 -416 416 ) (1664 -416 416 ) (1664 -416 768 ) (1280 -416 768 ) 
4 375 392 (1280 -288 416 ) (1280 -416 416 ) (1280 -416 768 ) (1280 -288 768 ) 
4 376 407 (1280 -416 1600 ) (1280 -416 1728 ) (768 -416 1728 ) (768 -416 1600 ) 
4 376 381 (768 -416 1600 ) (768 -416 1728 ) (768 512 1728 ) (768 512 1600 ) 
4 377 408 (1280 -416 1184 ) (1280 -416 1600 ) (768 -416 1600 ) (768 -416 1184 ) 
4 377 382 (768 -416 1184 ) (768 -416 1600 ) (768 512 1600 ) (768 512 1184 ) 
4 378 409 (1280 -416 1152 ) (1280 -416 1184 ) (800 -416 1184 ) (800 -416 1152 ) 
4 378 380 (800 512 1184 ) (800 512 1152 ) (800 -416 1152 ) (800 -416 1184 ) 
4 379 413 (800 -416 1056 ) (1280 -416 1056 ) (1280 -416 1152 ) (800 -416 1152 ) 
4 379 388 (1280 512 1056 ) (1280 -416 1056 ) (800 -416 1056 ) (800 512 1056 ) 
4 380 409 (800 -416 1152 ) (800 -416 1184 ) (768 -416 1184 ) (768 -416 1152 ) 
4 380 389 (800 -416 1056 ) (768 -416 1056 ) (768 512 1056 ) (800 512 1056 ) 
4 380 383 (768 -384 1184 ) (768 512 1184 ) (768 512 1152 ) (768 -384 1152 ) 
4 380 385 (768 -416 1056 ) (768 -416 1184 ) (768 -384 1184 ) (768 -384 1056 ) 
4 381 532 (224 -384 1600 ) (224 -416 1600 ) (224 -416 1728 ) (224 -384 1728 ) 
4 381 507 (224 512 1728 ) (224 512 1600 ) (224 -384 1600 ) (224 -384 1728 ) 
4 381 407 (224 -416 1728 ) (224 -416 1600 ) (768 -416 1600 ) (768 -416 1728 ) 
4 382 533 (224 -384 1184 ) (224 -416 1184 ) (224 -416 1600 ) (224 -384 1600 ) 
4 382 508 (224 512 1600 ) (224 512 1184 ) (224 -384 1184 ) (224 -384 1600 ) 
4 382 408 (224 -416 1600 ) (224 -416 1184 ) (768 -416 1184 ) (768 -416 1600 ) 
4 383 386 (352 512 1184 ) (352 512 1152 ) (352 -384 1152 ) (352 -384 1184 ) 
4 383 385 (768 -384 1152 ) (768 -384 1184 ) (352 -384 1184 ) (352 -384 1152 ) 
4 384 393 (352 -384 1056 ) (352 512 1056 ) (736 512 1056 ) (736 -384 1056 ) 
4 384 387 (352 512 1152 ) (352 512 1056 ) (352 -384 1056 ) (352 -384 1152 ) 
4 385 414 (352 -416 1056 ) (384 -416 1056 ) (384 -416 1152 ) (352 -416 1152 ) 
4 385 409 (768 -416 1152 ) (768 -416 1184 ) (352 -416 1184 ) (352 -416 1152 ) 
4 385 397 (384 -416 1056 ) (352 -416 1056 ) (352 -384 1056 ) (384 -384 1056 ) 
4 385 395 (768 -416 1056 ) (384 -416 1056 ) (384 -384 1056 ) (768 -384 1056 ) 
4 385 386 (352 -416 1152 ) (352 -416 1184 ) (352 -384 1184 ) (352 -384 1152 ) 
4 386 534 (224 -384 1152 ) (224 -416 1152 ) (224 -416 1184 ) (224 -384 1184 ) 
4 386 509 (224 512 1184 ) (224 512 1152 ) (224 -384 1152 ) (224 -384 1184 ) 
4 386 409 (224 -416 1184 ) (224 -416 1152 ) (352 -416 1152 ) (352 -416 1184 ) 
4 387 538 (224 -384 1056 ) (224 -416 1056 ) (224 -416 1152 ) (224 -384 1152 ) 
4 387 511 (224 -278 1056 ) (224 -384 1056 ) (224 -384 1152 ) (224 -278 1152 ) 
4 387 510 (224 512 1152 ) (224 512 1056 ) (224 -278 1056 ) (224 -278 1152 ) 
4 387 415 (224 -416 1152 ) (224 -416 1056 ) (352 -416 1056 ) (352 -416 1152 ) 
4 387 402 (256 -416 1056 ) (224 -416 1056 ) (224 -352 1056 ) (256 -352 1056 ) 
4 387 401 (224 -352 1056 ) (224 512 1056 ) (256 512 1056 ) (256 -352 1056 ) 
4 387 398 (352 -416 1056 ) (256 -416 1056 ) (256 -384 1056 ) (352 -384 1056 ) 
4 387 393 (288 512 1056 ) (352 512 1056 ) (352 -384 1056 ) (288 -384 1056 ) 
4 387 394 (256 -384 1056 ) (256 512 1056 ) (288 512 1056 ) (288 -384 1056 ) 
4 388 413 (1280 -416 768 ) (1280 -416 1056 ) (800 -416 1056 ) (800 -416 768 ) 
4 388 392 (1280 -288 768 ) (1280 -416 768 ) (800 -416 768 ) (800 -288 768 ) 
4 388 390 (800 -416 768 ) (800 -416 928 ) (800 512 928 ) (800 512 768 ) 
4 389 395 (768 -416 928 ) (768 -416 1056 ) (768 -384 1056 ) (768 -384 928 ) 
4 390 413 (768 -416 928 ) (768 -416 768 ) (800 -416 768 ) (800 -416 928 ) 
4 390 396 (768 -416 768 ) (768 -416 928 ) (768 -384 928 ) (768 -384 768 ) 
4 390 392 (800 -416 768 ) (768 -416 768 ) (768 -288 768 ) (800 -288 768 ) 
4 391 440 (768 -288 416 ) (768 -64 416 ) (1280 -64 416 ) (1280 -288 416 ) 
4 391 434 (768 -64 416 ) (768 512 416 ) (1280 512 416 ) (1280 -64 416 ) 
4 391 392 (768 -288 640 ) (768 -288 416 ) (1280 -288 416 ) (1280 -288 640 ) 
4 392 498 (1280 -416 416 ) (768 -416 416 ) (768 -384 416 ) (1280 -384 416 ) 
4 392 440 (768 -384 416 ) (768 -288 416 ) (1280 -288 416 ) (1280 -384 416 ) 
4 392 413 (768 -416 416 ) (1280 -416 416 ) (1280 -416 768 ) (768 -416 768 ) 
4 392 396 (768 -384 416 ) (768 -416 416 ) (768 -416 768 ) (768 -384 768 ) 
4 393 398 (352 -384 1056 ) (288 -384 1056 ) (288 -384 960 ) (352 -384 960 ) 
4 393 394 (288 -384 960 ) (288 -384 1056 ) (288 512 1056 ) (288 512 960 ) 
4 394 402 (256 -352 928 ) (256 -384 928 ) (256 -384 1056 ) (256 -352 1056 ) 
4 394 401 (256 512 1056 ) (256 512 928 ) (256 -352 928 ) (256 -352 1056 ) 
4 394 398 (288 -384 1056 ) (256 -384 1056 ) (256 -384 928 ) (288 -384 928 ) 
4 395 397 (384 -384 1056 ) (384 -384 928 ) (384 -416 928 ) (384 -416 1056 ) 
4 396 498 (768 -416 416 ) (384 -416 416 ) (384 -384 416 ) (768 -384 416 ) 
4 396 413 (384 -416 416 ) (768 -416 416 ) (768 -416 928 ) (384 -416 928 ) 
4 396 400 (384 -384 832 ) (384 -384 416 ) (384 -416 416 ) (384 -416 832 ) 
4 397 414 (384 -416 896 ) (384 -416 1056 ) (352 -416 1056 ) (352 -416 896 ) 
4 397 399 (384 -384 896 ) (384 -416 896 ) (352 -416 896 ) (352 -384 896 ) 
4 398 415 (352 -416 1056 ) (256 -416 1056 ) (256 -416 896 ) (352 -416 896 ) 
4 398 402 (256 -416 896 ) (256 -416 1056 ) (256 -384 1056 ) (256 -384 896 ) 
4 399 417 (384 -416 832 ) (384 -416 896 ) (352 -416 896 ) (352 -416 832 ) 
4 400 498 (384 -416 416 ) (352 -416 416 ) (352 -384 416 ) (384 -384 416 ) 
4 400 418 (352 -416 416 ) (384 -416 416 ) (384 -416 832 ) (352 -416 832 ) 
4 401 560 (224 512 448 ) (224 512 416 ) (224 -352 416 ) (224 -352 448 ) 
4 401 515 (224 -346 448 ) (224 -352 448 ) (224 -352 896 ) (224 -346 896 ) 
4 401 514 (224 -352 896 ) (224 -352 968 ) (224 -346 968 ) (224 -346 896 ) 
4 401 512 (224 -278 448 ) (224 -346 448 ) (224 -346 968 ) (224 -278 968 ) 
4 401 511 (224 -352 968 ) (224 -352 1056 ) (224 -278 1056 ) (224 -278 968 ) 
4 401 510 (224 512 1056 ) (224 512 448 ) (224 -278 448 ) (224 -278 1056 ) 
4 401 448 (224 -352 416 ) (224 -108 416 ) (256 -108 416 ) (256 -352 416 ) 
4 401 446 (224 -108 416 ) (224 256 416 ) (240 256 416 ) (240 -108 416 ) 
4 401 445 (224 256 416 ) (224 512 416 ) (256 512 416 ) (256 256 416 ) 
4 401 402 (256 -352 896 ) (256 -352 1056 ) (224 -352 1056 ) (224 -352 896 ) 
4 402 538 (224 -416 896 ) (224 -416 1056 ) (224 -384 1056 ) (224 -384 896 ) 
4 402 514 (224 -352 968 ) (224 -352 896 ) (224 -384 896 ) (224 -384 968 ) 
4 402 511 (224 -384 1056 ) (224 -352 1056 ) (224 -352 968 ) (224 -384 968 ) 
4 402 415 (224 -416 1056 ) (224 -416 896 ) (256 -416 896 ) (256 -416 1056 ) 
4 403 410 (1280 -864 1600 ) (1280 -1408 1600 ) (1280 -1408 1728 ) (1280 -864 1728 ) 
4 403 407 (1280 -416 1728 ) (1280 -416 1600 ) (1280 -864 1600 ) (1280 -864 1728 ) 
4 403 406 (1280 -1248 1600 ) (1280 -1120 1600 ) (1792 -1120 1600 ) (1792 -1248 1600 ) 
4 403 404 (1664 -416 1600 ) (1792 -416 1600 ) (1792 -1120 1600 ) (1664 -1120 1600 ) 
4 404 496 (1792 -1120 416 ) (1664 -1120 416 ) (1664 -416 416 ) (1792 -416 416 ) 
4 404 406 (1792 -1120 1600 ) (1664 -1120 1600 ) (1664 -1120 416 ) (1792 -1120 416 ) 
4 405 498 (1664 -1120 416 ) (1280 -1120 416 ) (1280 -416 416 ) (1664 -416 416 ) 
4 405 421 (1280 -768 416 ) (1280 -1120 416 ) (1280 -1120 1152 ) (1280 -768 1152 ) 
4 405 413 (1280 -416 1152 ) (1280 -416 416 ) (1280 -768 416 ) (1280 -768 1152 ) 
4 405 411 (1280 -864 1152 ) (1280 -1120 1152 ) (1280 -1120 1600 ) (1280 -864 1600 ) 
4 405 408 (1280 -416 1600 ) (1280 -416 1184 ) (1280 -864 1184 ) (1280 -864 1600 ) 
4 406 499 (1280 -1248 416 ) (1280 -1120 416 ) (1664 -1120 416 ) (1664 -1248 416 ) 
4 406 496 (1664 -1120 416 ) (1792 -1120 416 ) (1792 -1248 416 ) (1664 -1248 416 ) 
4 406 422 (1280 -1120 416 ) (1280 -1248 416 ) (1280 -1248 1152 ) (1280 -1120 1152 ) 
4 406 412 (1280 -1248 1152 ) (1280 -1248 1600 ) (1280 -1120 1600 ) (1280 -1120 1152 ) 
4 407 532 (224 -416 1728 ) (224 -416 1600 ) (224 -864 1600 ) (224 -864 1728 ) 
4 407 410 (1280 -864 1600 ) (1280 -864 1728 ) (224 -864 1728 ) (224 -864 1600 ) 
4 408 533 (224 -416 1600 ) (224 -416 1184 ) (224 -864 1184 ) (224 -864 1600 ) 
4 408 411 (1280 -864 1184 ) (1280 -864 1600 ) (224 -864 1600 ) (224 -864 1184 ) 
4 409 534 (224 -416 1184 ) (224 -416 1152 ) (224 -864 1152 ) (224 -864 1184 ) 
4 409 414 (352 -416 1152 ) (384 -416 1152 ) (384 -736 1152 ) (352 -736 1152 ) 
4 409 416 (384 -768 1152 ) (224 -768 1152 ) (224 -736 1152 ) (384 -736 1152 ) 
4 410 535 (224 -864 1728 ) (224 -864 1600 ) (224 -1408 1600 ) (224 -1408 1728 ) 
4 410 412 (224 -1248 1600 ) (224 -1120 1600 ) (1280 -1120 1600 ) (1280 -1248 1600 ) 
4 411 536 (224 -1120 1600 ) (224 -864 1600 ) (224 -864 1152 ) (224 -1120 1152 ) 
4 411 421 (1280 -864 1152 ) (1280 -1120 1152 ) (224 -1120 1152 ) (224 -864 1152 ) 
4 412 537 (224 -1248 1600 ) (224 -1120 1600 ) (224 -1120 1152 ) (224 -1248 1152 ) 
4 412 422 (1280 -1120 1152 ) (1280 -1248 1152 ) (224 -1248 1152 ) (224 -1120 1152 ) 
4 413 498 (384 -416 416 ) (1280 -416 416 ) (1280 -768 416 ) (384 -768 416 ) 
4 413 421 (384 -768 416 ) (1280 -768 416 ) (1280 -768 1152 ) (384 -768 1152 ) 
4 413 418 (384 -416 832 ) (384 -416 416 ) (384 -768 416 ) (384 -768 832 ) 
4 414 417 (352 -416 896 ) (384 -416 896 ) (384 -736 896 ) (352 -736 896 ) 
4 414 416 (352 -736 896 ) (384 -736 896 ) (384 -736 1152 ) (352 -736 1152 ) 
4 415 538 (224 -736 1152 ) (224 -416 1152 ) (224 -416 896 ) (224 -736 896 ) 
4 416 539 (224 -768 896 ) (224 -768 1152 ) (224 -736 1152 ) (224 -736 896 ) 
4 416 419 (352 -768 896 ) (224 -768 896 ) (224 -736 896 ) (352 -736 896 ) 
4 416 417 (384 -768 896 ) (352 -768 896 ) (352 -736 896 ) (384 -736 896 ) 
4 417 419 (352 -768 832 ) (352 -768 896 ) (352 -736 896 ) (352 -736 832 ) 
4 418 498 (352 -416 416 ) (384 -416 416 ) (384 -768 416 ) (352 -768 416 ) 
4 418 421 (352 -768 416 ) (384 -768 416 ) (384 -768 832 ) (352 -768 832 ) 
4 418 420 (352 -736 416 ) (352 -768 416 ) (352 -768 832 ) (352 -736 832 ) 
4 419 543 (224 -768 832 ) (224 -768 896 ) (224 -736 896 ) (224 -736 832 ) 
4 420 636 (224 -736 416 ) (224 -768 416 ) (224 -768 448 ) (224 -736 448 ) 
4 420 544 (224 -768 448 ) (224 -768 832 ) (224 -736 832 ) (224 -736 448 ) 
4 420 501 (224 -768 416 ) (224 -736 416 ) (352 -736 416 ) (352 -768 416 ) 
4 420 421 (224 -768 416 ) (352 -768 416 ) (352 -768 832 ) (224 -768 832 ) 
4 421 636 (224 -768 416 ) (224 -1120 416 ) (224 -1120 448 ) (224 -768 448 ) 
4 421 545 (224 -1120 448 ) (224 -1120 1152 ) (224 -768 1152 ) (224 -768 448 ) 
4 421 501 (224 -1120 416 ) (224 -768 416 ) (352 -768 416 ) (352 -1120 416 ) 
4 421 498 (352 -768 416 ) (1280 -768 416 ) (1280 -1120 416 ) (352 -1120 416 ) 
4 422 637 (224 -1120 416 ) (224 -1248 416 ) (224 -1248 448 ) (224 -1120 448 ) 
4 422 546 (224 -1248 448 ) (224 -1248 1152 ) (224 -1120 1152 ) (224 -1120 448 ) 
4 422 502 (224 -1248 416 ) (224 -1120 416 ) (352 -1120 416 ) (352 -1248 416 ) 
4 422 499 (352 -1120 416 ) (1280 -1120 416 ) (1280 -1248 416 ) (352 -1248 416 ) 
4 423 496 (1792 -384 416 ) (1664 -384 416 ) (1664 -384 -192 ) (1792 -384 -192 ) 
4 423 431 (1792 -384 -192 ) (1664 -384 -192 ) (1664 512 -192 ) (1792 512 -192 ) 
4 424 441 (1280 -96 0 ) (1280 -256 0 ) (1280 -256 32 ) (1280 -96 32 ) 
4 424 440 (1280 -256 32 ) (1280 -256 416 ) (1280 -64 416 ) (1280 -64 32 ) 
4 424 435 (1280 512 32 ) (1280 512 0 ) (1280 -64 0 ) (1280 -64 32 ) 
4 424 434 (1280 512 416 ) (1280 512 32 ) (1280 -64 32 ) (1280 -64 416 ) 
4 424 425 (1408 512 0 ) (1664 512 0 ) (1664 -256 0 ) (1408 -256 0 ) 
4 424 430 (1664 -256 0 ) (1664 -256 416 ) (1280 -256 416 ) (1280 -256 0 ) 
4 425 432 (1408 512 -192 ) (1664 512 -192 ) (1664 -256 -192 ) (1408 -256 -192 ) 
4 425 429 (1408 -96 -192 ) (1408 -256 -192 ) (1408 -256 -32 ) (1408 -96 -32 ) 
4 425 427 (1408 512 -160 ) (1408 512 -192 ) (1408 -64 -192 ) (1408 -64 -160 ) 
4 425 428 (1408 -64 -192 ) (1408 -96 -192 ) (1408 -96 -160 ) (1408 -64 -160 ) 
4 425 426 (1408 512 -32 ) (1408 512 -160 ) (1408 -96 -160 ) (1408 -96 -32 ) 
4 425 430 (1408 -256 -192 ) (1664 -256 -192 ) (1664 -256 0 ) (1408 -256 0 ) 
4 426 429 (1376 -96 -160 ) (1408 -96 -160 ) (1408 -96 -32 ) (1376 -96 -32 ) 
4 426 427 (1408 512 -160 ) (1408 -64 -160 ) (1376 -64 -160 ) (1376 512 -160 ) 
4 426 428 (1408 -64 -160 ) (1408 -96 -160 ) (1376 -96 -160 ) (1376 -64 -160 ) 
4 427 432 (1312 512 -192 ) (1408 512 -192 ) (1408 -64 -192 ) (1312 -64 -192 ) 
4 427 428 (1408 -64 -160 ) (1312 -64 -160 ) (1312 -64 -192 ) (1408 -64 -192 ) 
4 428 432 (1280 -96 -192 ) (1280 -64 -192 ) (1408 -64 -192 ) (1408 -96 -192 ) 
4 428 429 (1280 -96 -160 ) (1280 -96 -192 ) (1408 -96 -192 ) (1408 -96 -160 ) 
4 429 442 (1280 -96 -192 ) (1280 -256 -192 ) (1280 -256 -32 ) (1280 -96 -32 ) 
4 429 432 (1280 -256 -192 ) (1280 -96 -192 ) (1408 -96 -192 ) (1408 -256 -192 ) 
4 429 430 (1280 -256 -192 ) (1408 -256 -192 ) (1408 -256 -32 ) (1280 -256 -32 ) 
4 430 498 (1664 -384 416 ) (1280 -384 416 ) (1280 -384 -192 ) (1664 -384 -192 ) 
4 430 443 (1280 -256 -192 ) (1280 -384 -192 ) (1280 -384 32 ) (1280 -256 32 ) 
4 430 440 (1280 -384 32 ) (1280 -384 416 ) (1280 -256 416 ) (1280 -256 32 ) 
4 430 432 (1664 -384 -192 ) (1280 -384 -192 ) (1280 -256 -192 ) (1664 -256 -192 ) 
4 431 496 (1792 -384 -192 ) (1664 -384 -192 ) (1664 -384 -640 ) (1792 -384 -640 ) 
4 431 433 (1792 -384 -640 ) (1664 -384 -640 ) (1664 512 -640 ) (1792 512 -640 ) 
4 432 498 (1664 -384 -192 ) (1280 -384 -192 ) (1280 -384 -640 ) (1664 -384 -640 ) 
4 432 474 (1280 -64 -192 ) (1280 64 -192 ) (1280 64 -224 ) (1280 -64 -224 ) 
4 432 475 (1280 64 -640 ) (1280 -96 -640 ) (1280 -96 -224 ) (1280 64 -224 ) 
4 432 476 (1280 -96 -640 ) (1280 -384 -640 ) (1280 -384 -192 ) (1280 -96 -192 ) 
4 432 472 (1280 512 -192 ) (1280 512 -640 ) (1280 64 -640 ) (1280 64 -192 ) 
4 433 500 (1664 -384 -640 ) (1280 -384 -640 ) (1280 -384 -768 ) (1664 -384 -768 ) 
4 433 497 (1888 -384 -640 ) (1664 -384 -640 ) (1664 -384 -768 ) (1888 -384 -768 ) 
4 433 477 (1280 512 -640 ) (1280 512 -768 ) (1280 -384 -768 ) (1280 -384 -640 ) 
4 434 440 (1280 -64 32 ) (1280 -64 416 ) (768 -64 416 ) (768 -64 32 ) 
4 434 435 (800 512 32 ) (1280 512 32 ) (1280 -64 32 ) (800 -64 32 ) 
4 436 438 (800 -64 -32 ) (800 64 -32 ) (800 64 -96 ) (800 -64 -96 ) 
4 438 444 (768 -64 -96 ) (768 -64 -32 ) (768 64 -32 ) (768 64 -96 ) 
4 439 474 (800 -64 -192 ) (768 -64 -192 ) (768 64 -192 ) (800 64 -192 ) 
4 439 454 (768 64 -192 ) (768 -64 -192 ) (768 -64 -160 ) (768 64 -160 ) 
4 440 498 (1280 -384 416 ) (768 -384 416 ) (768 -384 32 ) (1280 -384 32 ) 
4 440 441 (768 -256 32 ) (768 -96 32 ) (1280 -96 32 ) (1280 -256 32 ) 
4 440 443 (1280 -384 32 ) (768 -384 32 ) (768 -256 32 ) (1280 -256 32 ) 
4 441 443 (768 -256 32 ) (768 -256 0 ) (1280 -256 0 ) (1280 -256 32 ) 
4 442 476 (1280 -96 -192 ) (1280 -256 -192 ) (768 -256 -192 ) (768 -96 -192 ) 
4 442 454 (768 -96 -192 ) (768 -256 -192 ) (768 -256 -160 ) (768 -96 -160 ) 
4 442 443 (768 -256 -32 ) (768 -256 -192 ) (1280 -256 -192 ) (1280 -256 -32 ) 
4 443 498 (768 -384 32 ) (768 -384 -192 ) (1280 -384 -192 ) (1280 -384 32 ) 
4 443 476 (1280 -256 -192 ) (1280 -384 -192 ) (768 -384 -192 ) (768 -256 -192 ) 
4 443 471 (768 -352 -192 ) (768 -384 -192 ) (768 -384 -160 ) (768 -352 -160 ) 
4 443 454 (768 -256 -192 ) (768 -352 -192 ) (768 -352 -160 ) (768 -256 -160 ) 
4 444 449 (640 64 -96 ) (640 -64 -96 ) (640 -64 -32 ) (640 64 -32 ) 
4 445 560 (224 512 416 ) (224 512 32 ) (224 256 32 ) (224 256 416 ) 
4 445 450 (256 256 32 ) (224 256 32 ) (224 512 32 ) (256 512 32 ) 
4 445 447 (224 256 256 ) (224 256 32 ) (256 256 32 ) (256 256 256 ) 
4 445 446 (240 256 416 ) (224 256 416 ) (224 256 256 ) (240 256 256 ) 
4 446 560 (224 -108 256 ) (224 -108 416 ) (224 256 416 ) (224 256 256 ) 
4 446 448 (224 -108 416 ) (224 -108 256 ) (240 -108 256 ) (240 -108 416 ) 
4 446 447 (240 -108 256 ) (224 -108 256 ) (224 256 256 ) (240 256 256 ) 
4 447 560 (224 256 32 ) (224 -108 32 ) (224 -108 256 ) (224 256 256 ) 
4 447 450 (256 -108 32 ) (224 -108 32 ) (224 256 32 ) (256 256 32 ) 
4 447 448 (224 -108 256 ) (224 -108 32 ) (256 -108 32 ) (256 -108 256 ) 
4 448 560 (224 -108 32 ) (224 -352 32 ) (224 -352 416 ) (224 -108 416 ) 
4 448 450 (256 -352 32 ) (224 -352 32 ) (224 -108 32 ) (256 -108 32 ) 
4 449 460 (416 320 -96 ) (544 320 -96 ) (544 196 -96 ) (416 196 -96 ) 
4 449 462 (544 196 -96 ) (544 192 -96 ) (416 192 -96 ) (416 196 -96 ) 
4 450 560 (224 512 32 ) (224 512 -32 ) (224 -352 -32 ) (224 -352 32 ) 
4 451 479 (256 512 -192 ) (640 512 -192 ) (640 384 -192 ) (256 384 -192 ) 
4 451 478 (640 512 -192 ) (768 512 -192 ) (768 384 -192 ) (640 384 -192 ) 
4 451 453 (640 384 -192 ) (768 384 -192 ) (768 384 -160 ) (640 384 -160 ) 
4 451 452 (256 512 -160 ) (256 512 -192 ) (256 384 -192 ) (256 384 -160 ) 
4 452 599 (224 512 -172 ) (224 512 -192 ) (224 384 -192 ) (224 384 -172 ) 
4 452 585 (224 512 -112 ) (224 512 -172 ) (224 384 -172 ) (224 384 -112 ) 
4 452 479 (224 384 -192 ) (224 512 -192 ) (256 512 -192 ) (256 384 -192 ) 
4 453 478 (640 384 -192 ) (768 384 -192 ) (768 128 -192 ) (640 128 -192 ) 
4 453 454 (640 128 -192 ) (768 128 -192 ) (768 128 -160 ) (640 128 -160 ) 
4 454 494 (768 128 -192 ) (768 -352 -192 ) (608 -352 -192 ) (608 128 -192 ) 
4 454 471 (608 -352 -192 ) (768 -352 -192 ) (768 -352 -160 ) (608 -352 -160 ) 
4 454 469 (608 128 -192 ) (608 -352 -192 ) (608 -352 -160 ) (608 128 -160 ) 
4 455 480 (571.921850 352 -192 ) (608 352 -192 ) (608 160 -192 ) (571.921850 160 -192 ) 
4 455 468 (571.921846 184 -192 ) (571.921846 160 -192 ) (573.640596 160 -172 ) (573.640596 184 -172 ) 
4 455 456 (573.640596 352 -172 ) (571.921846 352 -192 ) (571.921846 336 -192 ) (573.640596 336 -172 ) 
4 456 605 (224 352 -192 ) (224 336 -192 ) (224 336 -172 ) (224 352 -172 ) 
4 456 482 (224 336 -192 ) (224 352 -192 ) (571.921850 352 -192 ) (571.921850 336 -192 ) 
4 456 457 (224 336 -172 ) (224 336 -192 ) (487 336 -192 ) (507 336 -172 ) 
4 457 605 (224 336 -192 ) (224 324 -192 ) (224 324 -172 ) (224 336 -172 ) 
4 457 483 (224 324 -192 ) (224 336 -192 ) (487 336 -192 ) (487 324 -192 ) 
4 457 458 (224 324 -172 ) (224 324 -192 ) (434.016655 324 -192 ) (471.683323 324 -172 ) 
4 458 605 (224 324 -192 ) (224 320 -192 ) (224 320 -172 ) (224 324 -172 ) 
4 458 486 (224 320 -192 ) (224 324 -192 ) (434.016655 324 -192 ) (434.016655 320 -192 ) 
4 458 465 (224 320 -172 ) (224 320 -192 ) (416 320 -192 ) (416 320 -172 ) 
4 458 460 (416 320 -192 ) (434.016655 320 -192 ) (471.683323 320 -172 ) (416 320 -172 ) 
4 459 487 (434.016655 324 -192 ) (487 324 -192 ) (487 320 -192 ) (434.016655 320 -192 ) 
4 459 463 (483.151180 320 -192 ) (487 320 -192 ) (507 320 -172 ) (504.779087 320 -172 ) 
4 459 461 (434.016655 320 -192 ) (483.151180 320 -192 ) (504.779087 320 -172 ) (471.683323 320 -172 ) 
4 460 486 (416 320 -192 ) (434.016655 320 -192 ) (434.016655 196 -192 ) (416 196 -192 ) 
4 460 465 (416 320 -172 ) (416 320 -192 ) (416 196 -192 ) (416 196 -172 ) 
5 460 462 (416 196 -192 ) (434.016655 196 -192 ) (544 196 -133.601765 ) (544 196 -96 ) (416 196 -96 ) 
4 461 487 (434.016655 320 -192 ) (483.151180 320 -192 ) (483.151180 196 -192 ) (434.016655 196 -192 ) 
4 461 463 (483.151135 320 -192 ) (534.286476 320 -144.713556 ) (534.286476 196 -144.713556 ) (483.151135 196 -192 ) 
4 462 489 (483.151180 196 -192 ) (483.151180 192 -192 ) (416 192 -192 ) (416 196 -192 ) 
4 462 467 (416 192 -172 ) (416 192 -192 ) (483.151180 192 -192 ) (504.779087 192 -172 ) 
4 462 465 (416 196 -192 ) (416 192 -192 ) (416 192 -172 ) (416 196 -172 ) 
4 462 464 (534.286476 192 -144.713556 ) (483.151135 192 -192 ) (483.151135 196 -192 ) (534.286476 196 -144.713556 ) 
4 463 487 (483.151180 320 -192 ) (487 320 -192 ) (487 196 -192 ) (483.151180 196 -192 ) 
4 464 489 (487 196 -192 ) (487 192 -192 ) (483.151180 192 -192 ) (483.151180 196 -192 ) 
4 464 467 (483.151180 192 -192 ) (487 192 -192 ) (507 192 -172 ) (504.779087 192 -172 ) 
4 465 605 (224 320 -192 ) (224 192 -192 ) (224 192 -172 ) (224 320 -172 ) 
4 465 489 (224 192 -192 ) (224 196 -192 ) (416 196 -192 ) (416 192 -192 ) 
4 465 486 (224 196 -192 ) (224 320 -192 ) (416 320 -192 ) (416 196 -192 ) 
4 465 467 (224 192 -172 ) (224 192 -192 ) (416 192 -192 ) (416 192 -172 ) 
4 466 592 (224 128 -160 ) (224 128 -112 ) (224 192 -112 ) (224 192 -160 ) 
4 466 470 (224 128 -112 ) (224 128 -160 ) (256 128 -160 ) (256 128 -112 ) 
4 467 605 (224 192 -192 ) (224 184 -192 ) (224 184 -172 ) (224 192 -172 ) 
4 467 489 (224 184 -192 ) (224 192 -192 ) (487 192 -192 ) (487 184 -192 ) 
4 467 468 (224 184 -172 ) (224 184 -192 ) (487 184 -192 ) (507 184 -172 ) 
4 468 605 (224 184 -192 ) (224 160 -192 ) (224 160 -172 ) (224 184 -172 ) 
4 468 490 (224 160 -192 ) (224 184 -192 ) (571.921850 184 -192 ) (571.921850 160 -192 ) 
4 469 494 (256 128 -192 ) (608 128 -192 ) (608 -352 -192 ) (256 -352 -192 ) 
4 469 471 (256 -352 -192 ) (608 -352 -192 ) (608 -352 -160 ) (256 -352 -160 ) 
4 469 470 (256 128 -160 ) (256 128 -192 ) (256 -352 -192 ) (256 -352 -160 ) 
4 470 608 (224 128 -192 ) (224 -352 -192 ) (224 -352 -172 ) (224 128 -172 ) 
4 470 595 (224 -352 -172 ) (224 -352 -160 ) (224 128 -160 ) (224 128 -172 ) 
4 470 592 (224 -352 -160 ) (224 -352 -112 ) (224 128 -112 ) (224 128 -160 ) 
4 470 494 (224 -352 -192 ) (224 128 -192 ) (256 128 -192 ) (256 -352 -192 ) 
4 470 471 (224 -352 -160 ) (224 -352 -192 ) (256 -352 -192 ) (256 -352 -160 ) 
4 471 608 (224 -352 -192 ) (224 -384 -192 ) (224 -384 -172 ) (224 -352 -172 ) 
4 471 596 (224 -384 -172 ) (224 -384 -160 ) (224 -352 -160 ) (224 -352 -172 ) 
4 471 503 (224 -384 -160 ) (224 -384 -192 ) (352 -384 -192 ) (352 -384 -160 ) 
4 471 498 (352 -384 -192 ) (768 -384 -192 ) (768 -384 -160 ) (352 -384 -160 ) 
4 471 494 (768 -384 -192 ) (224 -384 -192 ) (224 -352 -192 ) (768 -352 -192 ) 
4 472 474 (1280 64 -224 ) (1280 64 -192 ) (800 64 -192 ) (800 64 -224 ) 
4 472 475 (800 64 -640 ) (1280 64 -640 ) (1280 64 -224 ) (800 64 -224 ) 
4 472 473 (800 512 -224 ) (800 512 -640 ) (800 64 -640 ) (800 64 -224 ) 
4 473 478 (768 512 -224 ) (768 512 -640 ) (768 128 -640 ) (768 128 -224 ) 
4 473 494 (768 128 -640 ) (768 64 -640 ) (768 64 -224 ) (768 128 -224 ) 
4 473 475 (768 64 -224 ) (768 64 -640 ) (800 64 -640 ) (800 64 -224 ) 
4 474 494 (768 -64 -192 ) (768 64 -192 ) (768 64 -224 ) (768 -64 -224 ) 
4 474 475 (1280 64 -224 ) (1280 -64 -224 ) (768 -64 -224 ) (768 64 -224 ) 
4 475 494 (768 64 -224 ) (768 64 -640 ) (768 -96 -640 ) (768 -96 -224 ) 
4 475 476 (768 -96 -640 ) (1280 -96 -640 ) (1280 -96 -224 ) (768 -96 -224 ) 
4 476 498 (1280 -384 -640 ) (1280 -384 -192 ) (768 -384 -192 ) (768 -384 -640 ) 
4 476 494 (768 -384 -640 ) (768 -384 -192 ) (768 -96 -192 ) (768 -96 -640 ) 
4 477 500 (1280 -384 -768 ) (1280 -384 -640 ) (768 -384 -640 ) (768 -384 -768 ) 
4 477 495 (768 -384 -768 ) (768 -384 -640 ) (768 512 -640 ) (768 512 -768 ) 
4 478 479 (640 512 -192 ) (640 512 -320 ) (640 384 -320 ) (640 384 -192 ) 
4 478 493 (640 512 -320 ) (640 512 -640 ) (640 128 -640 ) (640 128 -320 ) 
4 478 494 (768 128 -640 ) (768 128 -192 ) (640 128 -192 ) (640 128 -640 ) 
4 479 599 (224 512 -192 ) (224 512 -320 ) (224 384 -320 ) (224 384 -192 ) 
4 479 493 (224 384 -320 ) (224 512 -320 ) (640 512 -320 ) (640 384 -320 ) 
4 480 490 (566.421846 160 -256 ) (571.921846 160 -192 ) (571.921846 184 -192 ) (566.421846 184 -256 ) 
4 480 482 (571.921846 336 -192 ) (571.921846 352 -192 ) (566.421846 352 -256 ) (566.421846 336 -256 ) 
4 481 492 (563.671846 160 -288 ) (566.421846 160 -256 ) (566.421846 184 -256 ) (563.671846 184 -288 ) 
4 481 484 (566.421846 336 -256 ) (566.421846 352 -256 ) (563.671846 352 -288 ) (563.671846 336 -288 ) 
4 482 605 (224 336 -192 ) (224 352 -192 ) (224 352 -256 ) (224 336 -256 ) 
4 482 483 (224 336 -192 ) (224 336 -256 ) (423 336 -256 ) (487 336 -192 ) 
4 483 605 (224 324 -192 ) (224 336 -192 ) (224 336 -256 ) (224 324 -256 ) 
4 483 486 (224 324 -192 ) (224 324 -256 ) (313.483320 324 -256 ) (434.016655 324 -192 ) 
4 484 606 (224 352 -256 ) (224 352 -288 ) (224 336 -288 ) (224 336 -256 ) 
4 484 485 (423 336 -256 ) (224 336 -256 ) (224 336 -288 ) (391 336 -288 ) 
4 485 606 (224 336 -288 ) (224 324 -288 ) (224 324 -256 ) (224 336 -256 ) 
4 485 488 (224 324 -256 ) (224 324 -288 ) (391 324 -288 ) (423 324 -256 ) 
4 486 605 (224 196 -192 ) (224 324 -192 ) (224 324 -256 ) (224 196 -256 ) 
4 486 489 (434.016655 196 -192 ) (224 196 -192 ) (224 196 -256 ) (313.483320 196 -256 ) 
4 487 488 (423 196 -256 ) (313.483320 196 -256 ) (313.483320 324 -256 ) (423 324 -256 ) 
4 488 606 (224 324 -256 ) (224 324 -288 ) (224 196 -288 ) (224 196 -256 ) 
4 488 491 (224 196 -288 ) (391 196 -288 ) (423 196 -256 ) (224 196 -256 ) 
4 489 605 (224 184 -192 ) (224 196 -192 ) (224 196 -256 ) (224 184 -256 ) 
4 489 490 (487 184 -192 ) (224 184 -192 ) (224 184 -256 ) (423 184 -256 ) 
4 490 605 (224 160 -256 ) (224 160 -192 ) (224 184 -192 ) (224 184 -256 ) 
4 491 606 (224 184 -256 ) (224 196 -256 ) (224 196 -288 ) (224 184 -288 ) 
4 491 492 (224 184 -288 ) (391 184 -288 ) (423 184 -256 ) (224 184 -256 ) 
4 492 606 (224 160 -288 ) (224 160 -256 ) (224 184 -256 ) (224 184 -288 ) 
4 493 609 (224 512 -352 ) (224 512 -640 ) (224 128 -640 ) (224 128 -352 ) 
4 493 607 (224 384 -352 ) (224 128 -352 ) (224 128 -320 ) (224 384 -320 ) 
4 493 599 (224 512 -320 ) (224 512 -352 ) (224 384 -352 ) (224 384 -320 ) 
4 493 494 (224 128 -320 ) (224 128 -640 ) (640 128 -640 ) (640 128 -320 ) 
4 494 609 (224 128 -640 ) (224 -384 -640 ) (224 -384 -352 ) (224 128 -352 ) 
4 494 608 (224 -384 -352 ) (224 -384 -192 ) (224 128 -192 ) (224 128 -352 ) 
4 494 503 (224 -384 -192 ) (224 -384 -640 ) (352 -384 -640 ) (352 -384 -192 ) 
4 494 498 (352 -384 -640 ) (768 -384 -640 ) (768 -384 -192 ) (352 -384 -192 ) 
4 495 610 (224 512 -640 ) (224 512 -768 ) (224 -384 -768 ) (224 -384 -640 ) 
4 495 504 (224 -384 -640 ) (224 -384 -768 ) (352 -384 -768 ) (352 -384 -640 ) 
4 495 500 (352 -384 -768 ) (768 -384 -768 ) (768 -384 -640 ) (352 -384 -640 ) 
4 496 499 (1664 -1120 -640 ) (1664 -1248 -640 ) (1664 -1248 416 ) (1664 -1120 416 ) 
4 496 497 (1792 -1248 -640 ) (1664 -1248 -640 ) (1664 -384 -640 ) (1792 -384 -640 ) 
4 497 500 (1664 -384 -640 ) (1664 -384 -768 ) (1664 -1408 -768 ) (1664 -1408 -640 ) 
4 498 503 (352 -384 -160 ) (352 -384 -640 ) (352 -1120 -640 ) (352 -1120 -160 ) 
4 498 501 (352 -1120 416 ) (352 -736 416 ) (352 -736 -160 ) (352 -1120 -160 ) 
4 499 505 (352 -1120 -160 ) (352 -1120 -640 ) (352 -1248 -640 ) (352 -1248 -160 ) 
4 499 502 (352 -1248 416 ) (352 -1120 416 ) (352 -1120 -160 ) (352 -1248 -160 ) 
4 499 500 (352 -1248 -640 ) (352 -1120 -640 ) (1664 -1120 -640 ) (1664 -1248 -640 ) 
4 500 506 (352 -1408 -768 ) (352 -1408 -640 ) (352 -1120 -640 ) (352 -1120 -768 ) 
4 500 504 (352 -1120 -640 ) (352 -384 -640 ) (352 -384 -768 ) (352 -1120 -768 ) 
4 501 636 (224 -1120 416 ) (224 -736 416 ) (224 -736 -160 ) (224 -1120 -160 ) 
4 501 503 (352 -736 -160 ) (352 -1120 -160 ) (224 -1120 -160 ) (224 -736 -160 ) 
4 502 637 (224 -1248 416 ) (224 -1120 416 ) (224 -1120 -160 ) (224 -1248 -160 ) 
4 502 505 (352 -1120 -160 ) (352 -1248 -160 ) (224 -1248 -160 ) (224 -1120 -160 ) 
4 503 638 (224 -1120 -640 ) (224 -1120 -160 ) (224 -384 -160 ) (224 -384 -640 ) 
4 504 639 (224 -1120 -768 ) (224 -1120 -640 ) (224 -384 -640 ) (224 -384 -768 ) 
4 504 506 (224 -1120 -640 ) (224 -1120 -768 ) (352 -1120 -768 ) (352 -1120 -640 ) 
4 505 640 (224 -1248 -160 ) (224 -1120 -160 ) (224 -1120 -640 ) (224 -1248 -640 ) 
4 505 506 (224 -1120 -640 ) (352 -1120 -640 ) (352 -1248 -640 ) (224 -1248 -640 ) 
4 506 641 (224 -1408 -768 ) (224 -1408 -640 ) (224 -1120 -640 ) (224 -1120 -768 ) 
4 507 532 (224 -384 1600 ) (224 -384 1728 ) (-448 -384 1728 ) (-448 -384 1600 ) 
4 507 516 (-448 -384 1600 ) (-448 -384 1728 ) (-448 512 1728 ) (-448 512 1600 ) 
4 508 533 (224 -384 1184 ) (224 -384 1600 ) (-448 -384 1600 ) (-448 -384 1184 ) 
4 508 517 (-448 -384 1184 ) (-448 -384 1600 ) (-448 512 1600 ) (-448 512 1184 ) 
4 509 534 (224 -384 1152 ) (224 -384 1184 ) (-448 -384 1184 ) (-448 -384 1152 ) 
4 509 518 (-448 -352 1184 ) (-448 512 1184 ) (-448 512 1152 ) (-448 -352 1152 ) 
4 509 520 (-448 -384 1152 ) (-448 -384 1184 ) (-448 -352 1184 ) (-448 -352 1152 ) 
4 510 563 (-240 -278 448 ) (-256 -278 448 ) (-256 192 448 ) (-240 192 448 ) 
4 510 562 (-224 -278 448 ) (-240 -278 448 ) (-240 192 448 ) (-224 192 448 ) 
4 510 561 (-256 192 448 ) (-256 512 448 ) (-224 512 448 ) (-224 192 448 ) 
4 510 560 (224 512 448 ) (224 -278 448 ) (-224 -278 448 ) (-224 512 448 ) 
4 510 527 (-448 512 448 ) (-448 -278 448 ) (-448 -278 1136 ) (-448 512 1136 ) 
4 510 519 (-448 -278 1136 ) (-448 -278 1152 ) (-448 512 1152 ) (-448 512 1136 ) 
4 510 513 (-448 -278 968 ) (-448 -278 448 ) (-348 -278 448 ) (-348 -278 968 ) 
4 510 512 (-332 -278 448 ) (224 -278 448 ) (224 -278 968 ) (-332 -278 968 ) 
4 510 511 (224 -278 1152 ) (-448 -278 1152 ) (-448 -278 968 ) (224 -278 968 ) 
4 511 538 (224 -384 968 ) (224 -384 1152 ) (-448 -384 1152 ) (-448 -384 968 ) 
4 511 527 (-448 -352 1136 ) (-448 -278 1136 ) (-448 -278 968 ) (-448 -352 968 ) 
4 511 519 (-448 -352 1152 ) (-448 -278 1152 ) (-448 -278 1136 ) (-448 -352 1136 ) 
4 511 514 (224 -346 968 ) (224 -384 968 ) (-448 -384 968 ) (-448 -346 968 ) 
4 511 513 (-348 -346 968 ) (-448 -346 968 ) (-448 -278 968 ) (-348 -278 968 ) 
4 511 512 (224 -278 968 ) (224 -346 968 ) (-332 -346 968 ) (-332 -278 968 ) 
4 512 563 (-256 -288 448 ) (-256 -278 448 ) (-240 -278 448 ) (-240 -288 448 ) 
4 512 562 (-224 -346 448 ) (-240 -346 448 ) (-240 -278 448 ) (-224 -278 448 ) 
4 512 560 (224 -278 448 ) (224 -346 448 ) (-224 -346 448 ) (-224 -278 448 ) 
4 512 515 (-332 -346 448 ) (224 -346 448 ) (224 -346 896 ) (-332 -346 896 ) 
4 512 514 (224 -346 896 ) (224 -346 968 ) (-332 -346 968 ) (-332 -346 896 ) 
4 513 527 (-448 -278 448 ) (-448 -346 448 ) (-448 -346 968 ) (-448 -278 968 ) 
4 513 515 (-448 -346 896 ) (-448 -346 448 ) (-348 -346 448 ) (-348 -346 896 ) 
4 513 514 (-448 -346 968 ) (-448 -346 896 ) (-348 -346 896 ) (-348 -346 968 ) 
4 514 538 (224 -384 896 ) (224 -384 968 ) (-448 -384 968 ) (-448 -384 896 ) 
4 514 527 (-448 -352 968 ) (-448 -346 968 ) (-448 -346 896 ) (-448 -352 896 ) 
4 514 515 (-448 -352 896 ) (-448 -346 896 ) (224 -346 896 ) (224 -352 896 ) 
4 515 562 (-224 -352 448 ) (-240 -352 448 ) (-240 -346 448 ) (-224 -346 448 ) 
4 515 560 (224 -346 448 ) (224 -352 448 ) (-224 -352 448 ) (-224 -346 448 ) 
4 515 527 (-448 -346 448 ) (-448 -352 448 ) (-448 -352 896 ) (-448 -346 896 ) 
4 516 547 (-480 -384 1728 ) (-928 -384 1728 ) (-928 -384 1600 ) (-480 -384 1600 ) 
4 516 532 (-448 -384 1600 ) (-448 -384 1728 ) (-480 -384 1728 ) (-480 -384 1600 ) 
4 516 521 (-928 -384 1600 ) (-928 -384 1728 ) (-928 512 1728 ) (-928 512 1600 ) 
4 517 548 (-480 -384 1600 ) (-928 -384 1600 ) (-928 -384 1184 ) (-480 -384 1184 ) 
4 517 533 (-448 -384 1184 ) (-448 -384 1600 ) (-480 -384 1600 ) (-480 -384 1184 ) 
4 517 522 (-928 -384 1184 ) (-928 -384 1600 ) (-928 512 1600 ) (-928 512 1184 ) 
4 518 523 (-928 -352 1184 ) (-928 512 1184 ) (-928 512 1152 ) (-928 -352 1152 ) 
4 518 520 (-928 -352 1184 ) (-928 -352 1152 ) (-448 -352 1152 ) (-448 -352 1184 ) 
4 519 527 (-448 512 1136 ) (-448 -352 1136 ) (-896 -352 1136 ) (-896 512 1136 ) 
4 519 524 (-928 512 1152 ) (-928 512 1136 ) (-928 -352 1136 ) (-928 -352 1152 ) 
4 520 549 (-480 -384 1152 ) (-480 -384 1184 ) (-928 -384 1184 ) (-928 -384 1152 ) 
4 520 540 (-480 -384 1136 ) (-448 -384 1136 ) (-448 -384 1152 ) (-480 -384 1152 ) 
4 520 534 (-448 -384 1152 ) (-448 -384 1184 ) (-480 -384 1184 ) (-480 -384 1152 ) 
4 520 529 (-448 -352 1136 ) (-448 -384 1136 ) (-928 -384 1136 ) (-928 -352 1136 ) 
4 520 523 (-928 -384 1152 ) (-928 -384 1184 ) (-928 -352 1184 ) (-928 -352 1152 ) 
4 521 547 (-1472 -384 1600 ) (-928 -384 1600 ) (-928 -384 1728 ) (-1472 -384 1728 ) 
4 521 526 (-1280 -384 1600 ) (-1408 -384 1600 ) (-1408 512 1600 ) (-1280 512 1600 ) 
4 522 550 (-1120 -384 1600 ) (-1280 -384 1600 ) (-1280 -384 1184 ) (-1120 -384 1184 ) 
4 522 548 (-928 -384 1184 ) (-928 -384 1600 ) (-1120 -384 1600 ) (-1120 -384 1184 ) 
4 522 525 (-1120 -384 1184 ) (-1280 -384 1184 ) (-1280 512 1184 ) (-1120 512 1184 ) 
4 523 549 (-928 -384 1152 ) (-928 -384 1184 ) (-1120 -384 1184 ) (-1120 -384 1152 ) 
4 524 556 (-1120 -384 1136 ) (-928 -384 1136 ) (-928 -384 1152 ) (-1120 -384 1152 ) 
4 524 530 (-928 -384 1136 ) (-1120 -384 1136 ) (-1120 512 1136 ) (-928 512 1136 ) 
4 524 525 (-1120 512 1152 ) (-1120 512 1136 ) (-1120 -384 1136 ) (-1120 -384 1152 ) 
4 525 556 (-1280 -384 1136 ) (-1120 -384 1136 ) (-1120 -384 1152 ) (-1280 -384 1152 ) 
4 525 550 (-1120 -384 1152 ) (-1120 -384 1184 ) (-1280 -384 1184 ) (-1280 -384 1152 ) 
4 525 530 (-1120 -384 1136 ) (-1280 -384 1136 ) (-1280 512 1136 ) (-1120 512 1136 ) 
4 526 557 (-1408 -384 1136 ) (-1280 -384 1136 ) (-1280 -384 1152 ) (-1408 -384 1152 ) 
4 526 551 (-1280 -384 1152 ) (-1280 -384 1600 ) (-1408 -384 1600 ) (-1408 -384 1152 ) 
4 526 531 (-1280 -384 1136 ) (-1408 -384 1136 ) (-1408 512 1136 ) (-1280 512 1136 ) 
4 527 612 (-640 256 448 ) (-640 128 448 ) (-768 128 448 ) (-768 256 448 ) 
4 528 614 (-928 -352 448 ) (-928 512 448 ) (-896 512 448 ) (-896 -352 448 ) 
4 528 529 (-928 -352 448 ) (-896 -352 448 ) (-896 -352 1136 ) (-928 -352 1136 ) 
4 529 621 (-640 -384 448 ) (-928 -384 448 ) (-928 -352 448 ) (-640 -352 448 ) 
4 529 597 (-448 -384 448 ) (-640 -384 448 ) (-640 -352 448 ) (-448 -352 448 ) 
4 529 541 (-448 -384 832 ) (-448 -384 896 ) (-480 -384 896 ) (-480 -384 832 ) 
4 529 540 (-448 -384 896 ) (-448 -384 1136 ) (-480 -384 1136 ) (-480 -384 896 ) 
4 530 623 (-928 -384 448 ) (-1280 -384 448 ) (-1280 512 448 ) (-928 512 448 ) 
4 530 556 (-1280 -384 448 ) (-928 -384 448 ) (-928 -384 1136 ) (-1280 -384 1136 ) 
4 531 624 (-1280 -384 448 ) (-1408 -384 448 ) (-1408 512 448 ) (-1280 512 448 ) 
4 531 557 (-1408 -384 448 ) (-1280 -384 448 ) (-1280 -384 1136 ) (-1408 -384 1136 ) 
4 532 547 (-480 -384 1728 ) (-480 -384 1600 ) (-480 -864 1600 ) (-480 -864 1728 ) 
4 532 535 (-480 -864 1728 ) (-480 -864 1600 ) (224 -864 1600 ) (224 -864 1728 ) 
4 533 548 (-480 -384 1600 ) (-480 -384 1184 ) (-480 -864 1184 ) (-480 -864 1600 ) 
4 533 536 (-480 -864 1600 ) (-480 -864 1184 ) (224 -864 1184 ) (224 -864 1600 ) 
4 534 549 (-480 -384 1184 ) (-480 -384 1152 ) (-480 -864 1152 ) (-480 -864 1184 ) 
4 534 539 (224 -736 1152 ) (224 -768 1152 ) (-448 -768 1152 ) (-448 -736 1152 ) 
4 534 540 (-448 -768 1152 ) (-480 -768 1152 ) (-480 -384 1152 ) (-448 -384 1152 ) 
4 535 552 (-480 -864 1728 ) (-480 -864 1600 ) (-480 -1408 1600 ) (-480 -1408 1728 ) 
4 535 537 (-480 -1248 1600 ) (-480 -1120 1600 ) (224 -1120 1600 ) (224 -1248 1600 ) 
4 536 553 (-480 -864 1152 ) (-480 -1120 1152 ) (-480 -1120 1600 ) (-480 -864 1600 ) 
4 536 545 (224 -864 1152 ) (224 -1120 1152 ) (-480 -1120 1152 ) (-480 -864 1152 ) 
4 537 554 (-480 -1120 1152 ) (-480 -1248 1152 ) (-480 -1248 1600 ) (-480 -1120 1600 ) 
4 537 546 (224 -1120 1152 ) (224 -1248 1152 ) (-480 -1248 1152 ) (-480 -1120 1152 ) 
4 539 543 (224 -736 896 ) (224 -768 896 ) (-448 -768 896 ) (-448 -736 896 ) 
4 539 540 (-448 -768 896 ) (-448 -768 1152 ) (-448 -736 1152 ) (-448 -736 896 ) 
4 540 543 (-448 -768 896 ) (-480 -768 896 ) (-480 -736 896 ) (-448 -736 896 ) 
4 540 541 (-480 -736 896 ) (-480 -384 896 ) (-448 -384 896 ) (-448 -736 896 ) 
4 541 543 (-448 -736 896 ) (-480 -736 896 ) (-480 -736 832 ) (-448 -736 832 ) 
4 542 642 (-448 -736 448 ) (-480 -736 448 ) (-480 -384 448 ) (-448 -384 448 ) 
4 542 556 (-480 -384 832 ) (-480 -384 448 ) (-480 -736 448 ) (-480 -736 832 ) 
4 542 544 (-480 -736 832 ) (-480 -736 448 ) (-448 -736 448 ) (-448 -736 832 ) 
4 544 642 (-448 -768 448 ) (-480 -768 448 ) (-480 -736 448 ) (-448 -736 448 ) 
4 544 636 (224 -736 448 ) (224 -768 448 ) (-448 -768 448 ) (-448 -736 448 ) 
4 544 556 (-480 -736 448 ) (-480 -768 448 ) (-480 -768 832 ) (-480 -736 832 ) 
4 544 545 (-480 -768 832 ) (-480 -768 448 ) (224 -768 448 ) (224 -768 832 ) 
4 545 642 (-448 -1120 448 ) (-480 -1120 448 ) (-480 -768 448 ) (-448 -768 448 ) 
4 545 636 (224 -768 448 ) (224 -1120 448 ) (-448 -1120 448 ) (-448 -768 448 ) 
4 545 556 (-480 -768 448 ) (-480 -1120 448 ) (-480 -1120 1152 ) (-480 -768 1152 ) 
4 546 644 (-448 -1248 448 ) (-480 -1248 448 ) (-480 -1120 448 ) (-448 -1120 448 ) 
4 546 637 (224 -1120 448 ) (224 -1248 448 ) (-448 -1248 448 ) (-448 -1120 448 ) 
4 546 558 (-480 -1120 448 ) (-480 -1248 448 ) (-480 -1248 1152 ) (-480 -1120 1152 ) 
4 547 552 (-480 -864 1600 ) (-480 -864 1728 ) (-1472 -864 1728 ) (-1472 -864 1600 ) 
4 547 551 (-1280 -864 1600 ) (-1408 -864 1600 ) (-1408 -384 1600 ) (-1280 -384 1600 ) 
4 548 553 (-480 -864 1184 ) (-480 -864 1600 ) (-1120 -864 1600 ) (-1120 -864 1184 ) 
4 548 550 (-1120 -864 1184 ) (-1120 -864 1600 ) (-1120 -384 1600 ) (-1120 -384 1184 ) 
4 550 556 (-1120 -864 1152 ) (-1280 -864 1152 ) (-1280 -384 1152 ) (-1120 -384 1152 ) 
4 550 553 (-1120 -864 1600 ) (-1280 -864 1600 ) (-1280 -864 1152 ) (-1120 -864 1152 ) 
4 551 557 (-1280 -864 1152 ) (-1408 -864 1152 ) (-1408 -384 1152 ) (-1280 -384 1152 ) 
4 551 555 (-1280 -864 1600 ) (-1408 -864 1600 ) (-1408 -864 1152 ) (-1280 -864 1152 ) 
4 552 555 (-1408 -864 1600 ) (-1280 -864 1600 ) (-1280 -1280 1600 ) (-1408 -1280 1600 ) 
4 552 554 (-480 -1120 1600 ) (-480 -1248 1600 ) (-1280 -1248 1600 ) (-1280 -1120 1600 ) 
4 553 556 (-480 -864 1152 ) (-480 -1120 1152 ) (-1280 -1120 1152 ) (-1280 -864 1152 ) 
4 554 558 (-480 -1120 1152 ) (-480 -1248 1152 ) (-1280 -1248 1152 ) (-1280 -1120 1152 ) 
4 554 555 (-1280 -1248 1600 ) (-1280 -1120 1600 ) (-1280 -1120 1152 ) (-1280 -1248 1152 ) 
4 555 559 (-1280 -1120 1152 ) (-1280 -1280 1152 ) (-1408 -1280 1152 ) (-1408 -1120 1152 ) 
4 555 557 (-1408 -864 1152 ) (-1280 -864 1152 ) (-1280 -1120 1152 ) (-1408 -1120 1152 ) 
4 556 642 (-1280 -384 448 ) (-480 -384 448 ) (-480 -1120 448 ) (-1280 -1120 448 ) 
4 557 643 (-1408 -384 448 ) (-1280 -384 448 ) (-1280 -1120 448 ) (-1408 -1120 448 ) 
4 557 559 (-1408 -1120 448 ) (-1280 -1120 448 ) (-1280 -1120 1152 ) (-1408 -1120 1152 ) 
4 558 644 (-1280 -1248 448 ) (-1280 -1120 448 ) (-480 -1120 448 ) (-480 -1248 448 ) 
4 558 559 (-1280 -1120 1152 ) (-1280 -1120 448 ) (-1280 -1248 448 ) (-1280 -1248 1152 ) 
4 559 645 (-1408 -1120 448 ) (-1280 -1120 448 ) (-1280 -1280 448 ) (-1408 -1280 448 ) 
4 560 590 (-64 224 -96 ) (-64 320 -96 ) (32 320 -96 ) (32 224 -96 ) 
4 560 562 (-224 -352 -64 ) (-224 -352 448 ) (-224 192 448 ) (-224 192 -64 ) 
4 560 561 (-224 512 448 ) (-224 512 -96 ) (-224 192 -96 ) (-224 192 448 ) 
4 561 565 (-256 192 224 ) (-256 192 352 ) (-256 512 352 ) (-256 512 224 ) 
4 561 564 (-256 192 352 ) (-256 192 384 ) (-256 512 384 ) (-256 512 352 ) 
4 561 563 (-256 192 -96 ) (-240 192 -96 ) (-240 192 448 ) (-256 192 448 ) 
4 561 562 (-224 192 -64 ) (-224 192 448 ) (-240 192 448 ) (-240 192 -64 ) 
4 562 563 (-240 -288 448 ) (-240 192 448 ) (-240 192 -64 ) (-240 -288 -64 ) 
4 563 579 (-256 -288 224 ) (-256 -288 352 ) (-256 -192 352 ) (-256 -192 224 ) 
4 563 578 (-256 -192 352 ) (-256 160 352 ) (-256 160 224 ) (-256 -192 224 ) 
4 563 565 (-256 160 352 ) (-256 192 352 ) (-256 192 224 ) (-256 160 224 ) 
4 563 564 (-256 -288 352 ) (-256 -288 384 ) (-256 192 384 ) (-256 192 352 ) 
4 564 613 (-640 128 352 ) (-640 -288 352 ) (-640 -288 384 ) (-640 128 384 ) 
4 564 611 (-640 512 384 ) (-640 512 352 ) (-640 256 352 ) (-640 256 384 ) 
4 564 612 (-640 256 352 ) (-640 128 352 ) (-640 128 384 ) (-640 256 384 ) 
4 564 580 (-492 -288 352 ) (-604 -288 352 ) (-604 -192 352 ) (-492 -192 352 ) 
4 564 584 (-604 -288 352 ) (-640 -288 352 ) (-640 -192 352 ) (-604 -192 352 ) 
4 564 579 (-256 -192 352 ) (-256 -288 352 ) (-492 -288 352 ) (-492 -192 352 ) 
4 564 578 (-256 160 352 ) (-256 -192 352 ) (-640 -192 352 ) (-640 160 352 ) 
4 564 576 (-576 160 352 ) (-640 160 352 ) (-640 192 352 ) (-576 192 352 ) 
4 564 575 (-640 192 352 ) (-640 352 352 ) (-576 352 352 ) (-576 192 352 ) 
4 564 573 (-448 160 352 ) (-480 160 352 ) (-480 192 352 ) (-448 192 352 ) 
4 564 574 (-480 160 352 ) (-576 160 352 ) (-576 192 352 ) (-480 192 352 ) 
4 564 572 (-576 192 352 ) (-576 352 352 ) (-448 352 352 ) (-448 192 352 ) 
4 564 570 (-640 352 352 ) (-640 384 352 ) (-576 384 352 ) (-576 352 352 ) 
4 564 568 (-480 384 352 ) (-448 384 352 ) (-448 352 352 ) (-480 352 352 ) 
4 564 569 (-576 384 352 ) (-480 384 352 ) (-480 352 352 ) (-576 352 352 ) 
4 564 566 (-640 384 352 ) (-640 500 352 ) (-448 500 352 ) (-448 384 352 ) 
4 564 565 (-256 512 352 ) (-256 160 352 ) (-448 160 352 ) (-448 512 352 ) 
4 565 578 (-448 160 224 ) (-256 160 224 ) (-256 160 352 ) (-448 160 352 ) 
4 565 573 (-448 160 256 ) (-448 160 352 ) (-448 192 352 ) (-448 192 256 ) 
4 565 572 (-448 352 224 ) (-448 192 224 ) (-448 192 352 ) (-448 352 352 ) 
4 565 568 (-448 352 256 ) (-448 352 352 ) (-448 384 352 ) (-448 384 256 ) 
4 565 566 (-448 500 244 ) (-448 384 244 ) (-448 384 352 ) (-448 500 352 ) 
4 565 567 (-448 512 244 ) (-448 512 224 ) (-448 384 224 ) (-448 384 244 ) 
4 566 611 (-640 500 244 ) (-640 384 244 ) (-640 384 352 ) (-640 500 352 ) 
4 566 571 (-640 384 256 ) (-640 384 244 ) (-608 384 244 ) (-608 384 256 ) 
4 566 570 (-640 384 352 ) (-640 384 256 ) (-576 384 256 ) (-576 384 352 ) 
4 566 568 (-448 384 256 ) (-448 384 352 ) (-480 384 352 ) (-480 384 256 ) 
4 566 569 (-576 384 244 ) (-480 384 244 ) (-480 384 352 ) (-576 384 352 ) 
4 566 567 (-640 384 244 ) (-640 500 244 ) (-448 500 244 ) (-448 384 244 ) 
4 567 611 (-640 512 244 ) (-640 512 224 ) (-640 384 224 ) (-640 384 244 ) 
4 567 571 (-640 384 244 ) (-640 384 224 ) (-608 384 224 ) (-608 384 244 ) 
4 567 569 (-576 384 224 ) (-480 384 224 ) (-480 384 244 ) (-576 384 244 ) 
4 568 572 (-448 352 256 ) (-448 352 352 ) (-480 352 352 ) (-480 352 256 ) 
4 568 569 (-480 352 256 ) (-480 352 352 ) (-480 384 352 ) (-480 384 256 ) 
4 569 572 (-576 352 224 ) (-480 352 224 ) (-480 352 352 ) (-576 352 352 ) 
4 569 570 (-576 384 352 ) (-576 384 256 ) (-576 352 256 ) (-576 352 352 ) 
4 570 611 (-640 352 256 ) (-640 352 352 ) (-640 384 352 ) (-640 384 256 ) 
4 570 575 (-576 352 256 ) (-576 352 352 ) (-640 352 352 ) (-640 352 256 ) 
4 570 571 (-608 352 256 ) (-640 352 256 ) (-640 384 256 ) (-608 384 256 ) 
4 571 611 (-640 384 224 ) (-640 352 224 ) (-640 352 256 ) (-640 384 256 ) 
4 571 575 (-640 352 224 ) (-608 352 224 ) (-608 352 256 ) (-640 352 256 ) 
4 572 575 (-576 352 352 ) (-576 352 224 ) (-576 192 224 ) (-576 192 352 ) 
4 572 573 (-448 192 256 ) (-448 192 352 ) (-480 192 352 ) (-480 192 256 ) 
4 572 574 (-576 192 224 ) (-480 192 224 ) (-480 192 352 ) (-576 192 352 ) 
4 573 578 (-448 160 256 ) (-448 160 352 ) (-480 160 352 ) (-480 160 256 ) 
4 573 574 (-480 160 256 ) (-480 160 352 ) (-480 192 352 ) (-480 192 256 ) 
4 574 578 (-576 160 224 ) (-480 160 224 ) (-480 160 352 ) (-576 160 352 ) 
4 574 576 (-576 160 256 ) (-576 160 352 ) (-576 192 352 ) (-576 192 256 ) 
4 575 611 (-640 352 224 ) (-640 256 224 ) (-640 256 352 ) (-640 352 352 ) 
4 575 612 (-640 256 224 ) (-640 192 224 ) (-640 192 352 ) (-640 256 352 ) 
4 575 577 (-640 192 224 ) (-608 192 224 ) (-608 192 256 ) (-640 192 256 ) 
4 575 576 (-576 192 256 ) (-576 192 352 ) (-640 192 352 ) (-640 192 256 ) 
4 576 612 (-640 160 256 ) (-640 160 352 ) (-640 192 352 ) (-640 192 256 ) 
4 576 578 (-576 160 256 ) (-576 160 352 ) (-640 160 352 ) (-640 160 256 ) 
4 576 577 (-608 160 256 ) (-640 160 256 ) (-640 192 256 ) (-608 192 256 ) 
4 577 612 (-640 192 224 ) (-640 160 224 ) (-640 160 256 ) (-640 192 256 ) 
4 577 578 (-640 160 224 ) (-608 160 224 ) (-608 160 256 ) (-640 160 256 ) 
4 578 613 (-640 128 224 ) (-640 -192 224 ) (-640 -192 352 ) (-640 128 352 ) 
4 578 612 (-640 160 224 ) (-640 128 224 ) (-640 128 352 ) (-640 160 352 ) 
4 578 582 (-604 -192 224 ) (-576 -192 224 ) (-576 -192 236 ) (-604 -192 236 ) 
4 578 581 (-511 -192 224 ) (-492 -192 224 ) (-492 -192 236 ) (-511 -192 236 ) 
4 578 580 (-492 -192 320 ) (-492 -192 352 ) (-604 -192 352 ) (-604 -192 320 ) 
4 578 584 (-640 -192 352 ) (-640 -192 224 ) (-604 -192 224 ) (-604 -192 352 ) 
4 578 579 (-492 -192 224 ) (-256 -192 224 ) (-256 -192 352 ) (-492 -192 352 ) 
4 579 581 (-492 -192 224 ) (-492 -256 224 ) (-492 -256 236 ) (-492 -192 236 ) 
4 579 583 (-492 -256 224 ) (-492 -288 224 ) (-492 -288 320 ) (-492 -256 320 ) 
4 579 580 (-492 -288 320 ) (-492 -288 352 ) (-492 -192 352 ) (-492 -192 320 ) 
4 580 583 (-492 -256 320 ) (-492 -288 320 ) (-604 -288 320 ) (-604 -256 320 ) 
4 580 584 (-604 -192 352 ) (-604 -192 320 ) (-604 -288 320 ) (-604 -288 352 ) 
4 581 583 (-513 -256 224 ) (-492 -256 224 ) (-492 -256 236 ) (-513 -256 236 ) 
4 582 584 (-604 -192 236 ) (-604 -192 224 ) (-604 -256 224 ) (-604 -256 236 ) 
4 582 583 (-604 -256 236 ) (-604 -256 224 ) (-576 -256 224 ) (-576 -256 236 ) 
4 583 584 (-604 -256 224 ) (-604 -288 224 ) (-604 -288 320 ) (-604 -256 320 ) 
4 584 613 (-640 -192 224 ) (-640 -288 224 ) (-640 -288 352 ) (-640 -192 352 ) 
4 585 599 (96 512 -172 ) (224 512 -172 ) (224 384 -172 ) (96 384 -172 ) 
4 585 586 (96 512 -112 ) (96 512 -160 ) (96 384 -160 ) (96 384 -112 ) 
4 586 587 (-160 384 -160 ) (-160 384 -112 ) (-160 512 -112 ) (-160 512 -160 ) 
4 587 603 (-256 512 -172 ) (-160 512 -172 ) (-160 384 -172 ) (-256 384 -172 ) 
4 587 588 (-256 512 -160 ) (-256 512 -172 ) (-256 384 -172 ) (-256 384 -160 ) 
4 588 617 (-640 410 -172 ) (-640 384 -172 ) (-640 384 -160 ) (-640 410 -160 ) 
4 588 616 (-640 512 -160 ) (-640 512 -172 ) (-640 410 -172 ) (-640 410 -160 ) 
4 588 603 (-640 384 -172 ) (-640 512 -172 ) (-256 512 -172 ) (-256 384 -172 ) 
4 589 605 (36 320 -172 ) (36 224 -172 ) (32 224 -172 ) (32 320 -172 ) 
4 589 591 (32 224 -172 ) (36 224 -172 ) (36 224 -112 ) (32 224 -112 ) 
4 589 590 (32 320 -112 ) (32 320 -172 ) (32 224 -172 ) (32 224 -112 ) 
4 590 605 (32 224 -172 ) (-64 224 -172 ) (-64 320 -172 ) (32 320 -172 ) 
4 590 591 (-64 224 -172 ) (32 224 -172 ) (32 224 -112 ) (-64 224 -112 ) 
4 591 605 (36 224 -172 ) (36 212 -172 ) (-64 212 -172 ) (-64 224 -172 ) 
4 592 595 (224 128 -160 ) (224 -352 -160 ) (-240 -352 -160 ) (-240 128 -160 ) 
4 592 594 (-240 -352 -160 ) (-240 -352 -128 ) (-240 -288 -128 ) (-240 -288 -160 ) 
4 592 593 (-240 -288 -112 ) (-240 192 -112 ) (-240 192 -160 ) (-240 -288 -160 ) 
4 593 595 (-240 128 -160 ) (-240 -288 -160 ) (-256 -288 -160 ) (-256 128 -160 ) 
4 593 594 (-256 -288 -160 ) (-240 -288 -160 ) (-240 -288 -128 ) (-256 -288 -128 ) 
4 594 595 (-240 -352 -160 ) (-256 -352 -160 ) (-256 -288 -160 ) (-240 -288 -160 ) 
4 595 618 (-640 128 -172 ) (-640 90 -172 ) (-640 90 -160 ) (-640 128 -160 ) 
4 595 620 (-640 90 -172 ) (-640 -352 -172 ) (-640 -352 -160 ) (-640 90 -160 ) 
4 595 608 (-640 -352 -172 ) (-640 128 -172 ) (224 128 -172 ) (224 -352 -172 ) 
4 595 598 (-640 -352 -160 ) (-640 -352 -172 ) (-448 -352 -172 ) (-448 -352 -160 ) 
4 595 596 (-448 -352 -172 ) (224 -352 -172 ) (224 -352 -160 ) (-448 -352 -160 ) 
4 596 638 (-448 -384 -160 ) (-448 -384 -172 ) (224 -384 -172 ) (224 -384 -160 ) 
4 596 608 (224 -384 -172 ) (-448 -384 -172 ) (-448 -352 -172 ) (224 -352 -172 ) 
4 596 598 (-448 -352 -160 ) (-448 -352 -172 ) (-448 -384 -172 ) (-448 -384 -160 ) 
4 597 621 (-640 -384 416 ) (-640 -384 448 ) (-640 -352 448 ) (-640 -352 416 ) 
4 598 642 (-640 -384 416 ) (-640 -384 -172 ) (-448 -384 -172 ) (-448 -384 416 ) 
4 598 622 (-640 -352 -172 ) (-640 -384 -172 ) (-640 -384 416 ) (-640 -352 416 ) 
4 598 608 (-448 -384 -172 ) (-640 -384 -172 ) (-640 -352 -172 ) (-448 -352 -172 ) 
4 599 609 (224 512 -352 ) (224 384 -352 ) (96 384 -352 ) (96 512 -352 ) 
4 599 607 (96 384 -352 ) (224 384 -352 ) (224 384 -320 ) (96 384 -320 ) 
4 600 604 (32 384 -172 ) (-96 384 -172 ) (-96 384 -248 ) (32 384 -248 ) 
4 603 630 (-640 410 -352 ) (-640 384 -352 ) (-640 384 -320 ) (-640 410 -320 ) 
4 603 626 (-640 384 -320 ) (-640 384 -172 ) (-640 410 -172 ) (-640 410 -320 ) 
4 603 625 (-640 512 -172 ) (-640 512 -352 ) (-640 410 -352 ) (-640 410 -172 ) 
4 603 609 (-160 384 -352 ) (-640 384 -352 ) (-640 512 -352 ) (-160 512 -352 ) 
4 603 607 (-640 384 -352 ) (-160 384 -352 ) (-160 384 -320 ) (-640 384 -320 ) 
4 604 605 (32 352 -172 ) (-96 352 -172 ) (-96 352 -248 ) (32 352 -248 ) 
4 605 627 (-640 160 -172 ) (-640 352 -172 ) (-640 352 -256 ) (-640 160 -256 ) 
4 606 628 (-640 352 -256 ) (-640 352 -288 ) (-640 160 -288 ) (-640 160 -256 ) 
4 607 630 (-640 384 -352 ) (-640 128 -352 ) (-640 128 -320 ) (-640 384 -320 ) 
4 607 609 (224 384 -352 ) (224 128 -352 ) (-640 128 -352 ) (-640 384 -352 ) 
4 607 608 (-640 128 -320 ) (-640 128 -352 ) (224 128 -352 ) (224 128 -320 ) 
4 608 642 (-640 -384 -172 ) (-640 -384 -352 ) (-448 -384 -352 ) (-448 -384 -172 ) 
4 608 638 (-448 -384 -352 ) (224 -384 -352 ) (224 -384 -172 ) (-448 -384 -172 ) 
4 608 630 (-640 128 -352 ) (-640 90 -352 ) (-640 90 -320 ) (-640 128 -320 ) 
4 608 629 (-640 90 -320 ) (-640 90 -172 ) (-640 128 -172 ) (-640 128 -320 ) 
4 608 633 (-640 90 -352 ) (-640 -384 -352 ) (-640 -384 -172 ) (-640 90 -172 ) 
4 608 609 (224 128 -352 ) (224 -384 -352 ) (-640 -384 -352 ) (-640 128 -352 ) 
4 609 642 (-640 -384 -352 ) (-640 -384 -640 ) (-448 -384 -640 ) (-448 -384 -352 ) 
4 609 638 (-448 -384 -640 ) (224 -384 -640 ) (224 -384 -352 ) (-448 -384 -352 ) 
4 609 630 (-640 410 -354 ) (-640 90 -354 ) (-640 90 -352 ) (-640 410 -352 ) 
4 609 625 (-640 512 -352 ) (-640 512 -354 ) (-640 410 -354 ) (-640 410 -352 ) 
4 609 631 (-640 512 -354 ) (-640 512 -640 ) (-640 90 -640 ) (-640 90 -354 ) 
4 609 633 (-640 90 -640 ) (-640 -384 -640 ) (-640 -384 -352 ) (-640 90 -352 ) 
4 610 646 (-640 -384 -640 ) (-640 -384 -768 ) (-448 -384 -768 ) (-448 -384 -640 ) 
4 610 639 (-448 -384 -768 ) (224 -384 -768 ) (224 -384 -640 ) (-448 -384 -640 ) 
4 610 635 (-640 512 -640 ) (-640 512 -768 ) (-640 -384 -768 ) (-640 -384 -640 ) 
4 611 612 (-768 256 384 ) (-768 256 224 ) (-640 256 224 ) (-640 256 384 ) 
4 612 613 (-640 128 224 ) (-640 128 384 ) (-768 128 384 ) (-768 128 224 ) 
4 614 621 (-896 -352 448 ) (-928 -352 448 ) (-928 -352 416 ) (-896 -352 416 ) 
4 615 623 (-928 512 192 ) (-928 512 -160 ) (-928 -352 -160 ) (-928 -352 192 ) 
4 615 622 (-928 -352 192 ) (-928 -352 -160 ) (-896 -352 -160 ) (-896 -352 192 ) 
4 615 619 (-928 90 -160 ) (-928 410 -160 ) (-896 410 -160 ) (-896 90 -160 ) 
4 615 616 (-928 410 -160 ) (-928 512 -160 ) (-896 512 -160 ) (-896 410 -160 ) 
4 615 620 (-928 -352 -160 ) (-928 90 -160 ) (-896 90 -160 ) (-896 -352 -160 ) 
4 616 625 (-640 512 -172 ) (-640 410 -172 ) (-766 410 -172 ) (-766 512 -172 ) 
4 616 632 (-766 410 -172 ) (-928 410 -172 ) (-928 512 -172 ) (-766 512 -172 ) 
4 616 623 (-928 512 -160 ) (-928 512 -172 ) (-928 410 -172 ) (-928 410 -160 ) 
4 616 617 (-670 410 -172 ) (-640 410 -172 ) (-640 410 -160 ) (-670 410 -160 ) 
4 616 619 (-928 410 -160 ) (-928 410 -172 ) (-766 410 -172 ) (-766 410 -160 ) 
4 617 626 (-640 410 -172 ) (-640 384 -172 ) (-670 384 -172 ) (-670 410 -172 ) 
4 618 629 (-640 128 -172 ) (-640 90 -172 ) (-670 90 -172 ) (-670 128 -172 ) 
4 618 620 (-670 90 -172 ) (-640 90 -172 ) (-640 90 -160 ) (-670 90 -160 ) 
4 619 632 (-766 90 -172 ) (-928 90 -172 ) (-928 410 -172 ) (-766 410 -172 ) 
4 619 623 (-928 410 -172 ) (-928 90 -172 ) (-928 90 -160 ) (-928 410 -160 ) 
4 619 620 (-928 90 -172 ) (-766 90 -172 ) (-766 90 -160 ) (-928 90 -160 ) 
4 620 633 (-640 90 -172 ) (-640 -352 -172 ) (-928 -352 -172 ) (-928 90 -172 ) 
4 620 623 (-928 90 -172 ) (-928 -352 -172 ) (-928 -352 -160 ) (-928 90 -160 ) 
4 620 622 (-928 -352 -172 ) (-640 -352 -172 ) (-640 -352 -160 ) (-928 -352 -160 ) 
4 622 642 (-928 -384 416 ) (-928 -384 -172 ) (-640 -384 -172 ) (-640 -384 416 ) 
4 622 633 (-640 -352 -172 ) (-640 -384 -172 ) (-928 -384 -172 ) (-928 -352 -172 ) 
4 622 623 (-928 -352 -172 ) (-928 -384 -172 ) (-928 -384 416 ) (-928 -352 416 ) 
4 623 642 (-928 -384 448 ) (-1280 -384 448 ) (-1280 -384 -172 ) (-928 -384 -172 ) 
4 623 632 (-1280 90 -172 ) (-1280 512 -172 ) (-928 512 -172 ) (-928 90 -172 ) 
4 623 633 (-928 -384 -172 ) (-1280 -384 -172 ) (-1280 90 -172 ) (-928 90 -172 ) 
4 624 643 (-1280 -384 448 ) (-1408 -384 448 ) (-1408 -384 -172 ) (-1280 -384 -172 ) 
4 624 634 (-1280 -384 -172 ) (-1408 -384 -172 ) (-1408 512 -172 ) (-1280 512 -172 ) 
4 625 630 (-670 410 -354 ) (-640 410 -354 ) (-640 410 -320 ) (-670 410 -320 ) 
4 625 626 (-670 410 -320 ) (-640 410 -320 ) (-640 410 -172 ) (-670 410 -172 ) 
4 625 631 (-640 512 -354 ) (-640 410 -354 ) (-766 410 -354 ) (-766 512 -354 ) 
4 625 632 (-766 410 -172 ) (-766 512 -172 ) (-766 512 -354 ) (-766 410 -354 ) 
4 626 630 (-640 410 -320 ) (-640 384 -320 ) (-670 384 -320 ) (-670 410 -320 ) 
4 629 630 (-640 128 -320 ) (-640 90 -320 ) (-670 90 -320 ) (-670 128 -320 ) 
4 629 633 (-640 90 -320 ) (-640 90 -172 ) (-670 90 -172 ) (-670 90 -320 ) 
4 630 631 (-640 410 -354 ) (-640 90 -354 ) (-670 90 -354 ) (-670 410 -354 ) 
4 630 633 (-640 90 -354 ) (-640 90 -320 ) (-670 90 -320 ) (-670 90 -354 ) 
4 631 632 (-766 512 -354 ) (-766 512 -640 ) (-766 90 -640 ) (-766 90 -354 ) 
4 631 633 (-766 90 -640 ) (-640 90 -640 ) (-640 90 -354 ) (-766 90 -354 ) 
4 632 633 (-1280 90 -640 ) (-766 90 -640 ) (-766 90 -172 ) (-1280 90 -172 ) 
4 633 642 (-640 -384 -640 ) (-640 -384 -172 ) (-1280 -384 -172 ) (-1280 -384 -640 ) 
4 634 643 (-1280 -384 -172 ) (-1408 -384 -172 ) (-1408 -384 -640 ) (-1280 -384 -640 ) 
4 634 635 (-1280 -384 -640 ) (-1408 -384 -640 ) (-1408 512 -640 ) (-1280 512 -640 ) 
4 635 646 (-640 -384 -768 ) (-640 -384 -640 ) (-1472 -384 -640 ) (-1472 -384 -768 ) 
4 636 642 (-448 -736 -160 ) (-448 -1120 -160 ) (-448 -1120 448 ) (-448 -736 448 ) 
4 636 638 (224 -736 -160 ) (224 -1120 -160 ) (-448 -1120 -160 ) (-448 -736 -160 ) 
4 637 644 (-448 -1120 -160 ) (-448 -1248 -160 ) (-448 -1248 448 ) (-448 -1120 448 ) 
4 637 640 (224 -1120 -160 ) (224 -1248 -160 ) (-448 -1248 -160 ) (-448 -1120 -160 ) 
4 638 642 (-448 -384 -160 ) (-448 -384 -640 ) (-448 -1120 -640 ) (-448 -1120 -160 ) 
4 639 646 (-448 -384 -640 ) (-448 -384 -768 ) (-448 -1120 -768 ) (-448 -1120 -640 ) 
4 639 641 (224 -1120 -768 ) (224 -1120 -640 ) (-448 -1120 -640 ) (-448 -1120 -768 ) 
4 640 644 (-448 -1248 -160 ) (-448 -1120 -160 ) (-448 -1120 -640 ) (-448 -1248 -640 ) 
4 640 641 (-448 -1248 -640 ) (-448 -1120 -640 ) (224 -1120 -640 ) (224 -1248 -640 ) 
4 641 646 (-448 -1408 -768 ) (-448 -1408 -640 ) (-448 -1120 -640 ) (-448 -1120 -768 ) 
4 643 646 (-1280 -1120 -640 ) (-1408 -1120 -640 ) (-1408 -384 -640 ) (-1280 -384 -640 ) 
4 643 645 (-1408 -1120 -640 ) (-1280 -1120 -640 ) (-1280 -1120 448 ) (-1408 -1120 448 ) 
4 644 646 (-448 -1120 -640 ) (-448 -1248 -640 ) (-1280 -1248 -640 ) (-1280 -1120 -640 ) 
4 644 645 (-1280 -1120 448 ) (-1280 -1120 -640 ) (-1280 -1248 -640 ) (-1280 -1248 448 ) 
4 645 646 (-1408 -1120 -640 ) (-1280 -1120 -640 ) (-1280 -1280 -640 ) (-1408 -1280 -640 ) 
